Codice comune,Totale_sum
1001,5276
1002,7392
1003,906
1004,3282
1006,12750
1007,492
1008,33622
1009,4116
1010,990
1011,1690
1012,2162
1013,25198
1014,2500
1015,1604
1016,6272
1017,1070
1018,7318
1019,224
1020,6450
1021,3196
1022,6318
1023,1156
1024,35712
1025,6952
1026,1092
1027,4270
1028,23862
1029,1194
1030,7262
1031,1592
1032,4420
1033,6214
1034,17644
1035,9200
1036,802
1037,886
1038,17196
1039,2996
1040,3038
1041,2710
1042,2270
1043,3274
1044,11648
1045,12694
1046,6766
1047,14992
1048,12016
1049,2678
1050,2428
1051,11288
1052,548
1053,5180
1054,1170
1055,4156
1056,1822
1057,1530
1058,18482
1059,57848
1060,3760
1061,3034
1062,6082
1063,28006
1064,3514
1065,4404
1066,19690
1067,828
1068,13000
1069,4494
1070,10956
1071,3562
1072,2066
1073,326
1074,1880
1075,710
1076,3180
1077,4090
1078,73540
1079,440
1080,1762
1081,3202
1082,53654
1083,770
1084,490
1085,656
1086,37096
1087,408
1088,2982
1089,6392
1090,99230
1091,604
1092,1168
1093,8970
1094,6366
1095,926
1096,1918
1097,15752
1098,19260
1099,17828
1100,476
1101,10364
1102,4480
1103,1012
1104,5278
1105,1528
1106,4568
1107,6642
1108,526
1109,3324
1110,5752
1111,1102
1112,19000
1113,2262
1114,1204
1115,32850
1116,7948
1117,1342
1118,384
1119,2000
1120,75254
1121,94
1122,1402
1123,758
1124,790
1125,46676
1126,3590
1127,17682
1128,9972
1129,2988
1130,32954
1131,328
1132,3604
1133,890
1134,2854
1135,3442
1136,2106
1137,2308
1139,14534
1140,1016
1141,1130
1142,2316
1143,822
1144,2608
1145,106
1146,7778
1147,1326
1148,8388
1149,1654
1150,2538
1152,1522
1153,758
1154,1286
1155,670
1156,114930
1157,66
1158,1428
1159,1978
1160,6760
1161,10424
1162,1680
1163,1704
1164,95016
1165,220
1166,13676
1167,590
1168,15896
1169,1052
1170,2920
1171,46648
1172,1534
1173,2336
1174,1822
1175,6632
1176,2384
1177,1704
1178,4092
1179,834
1180,2254
1181,7514
1183,8204
1184,6338
1185,1054
1186,1248
1187,1492
1188,1234
1189,31068
1190,5836
1191,72356
1192,16830
1193,7712
1194,36810
1195,6700
1196,2746
1197,20586
1198,1972
1199,6420
1200,2108
1201,1540
1202,496
1203,3816
1204,434
1205,2540
1206,1462
1207,962
1208,660
1209,704
1210,2058
1211,3552
1212,98
1213,2324
1214,40534
1215,9530
1216,5074
1217,25022
1218,3154
1219,96944
1220,6062
1221,3432
1222,4052
1223,5330
1224,598
1225,3766
1226,462
1227,1578
1228,10086
1229,4770
1230,1570
1231,3684
1232,1246
1233,936
1234,150
1235,3064
1236,12048
1237,8024
1238,696
1239,1048
1240,9764
1241,7458
1242,3494
1243,6296
1244,5130
1245,1942
1246,6624
1247,1614
1248,20670
1249,37816
1250,2852
1251,526
1252,6214
1253,3790
1254,7290
1255,9422
1256,8394
1257,21472
1258,490
1259,2180
1260,6534
1261,1652
1262,2910
1263,1844
1264,936
1265,93850
1266,3084
1267,1924
1268,540
1269,12396
1270,12346
1271,1548
1272,1741904
1273,5948
1274,1208
1275,9086
1276,7628
1278,644
1279,1048
1280,21720
1281,378
1282,400
1283,2836
1284,7920
1285,1856
1286,1584
1287,6052
1288,190
1289,1702
1290,2904
1291,1760
1292,66498
1293,9692
1294,2778
1295,1604
1296,496
1298,1026
1299,10262
1300,9204
1301,2428
1302,6964
1303,5694
1304,2020
1305,3880
1306,2112
1307,7980
1308,9248
1309,30490
1310,2304
1311,2452
1312,1038
1313,2042
1314,30906
1315,17040
1316,14914
1317,2552
1318,2052
2002,1454
2003,618
2004,5088
2006,1726
2007,2840
2008,230
2009,434
2011,3752
2014,340
2015,4640
2016,25004
2017,4422
2021,1698
2025,460
2029,148
2030,2076
2031,2218
2032,1550
2033,420
2035,580
2041,116
2042,8742
2043,506
2045,176
2047,1488
2048,508
2049,15554
2052,816
2054,2132
2057,372
2058,2182
2059,974
2061,15542
2062,1652
2065,692
2066,680
2067,1042
2068,1626
2070,1090
2071,8612
2072,1640
2078,192
2079,2770
2082,1492
2088,1594
2089,422
2090,2294
2091,578
2093,2582
2096,278
2097,366
2102,1122
2104,1424
2107,7902
2108,764
2110,124
2113,264
2115,902
2116,4694
2118,1102
2121,350
2122,1856
2126,440
2127,204
2128,7766
2131,3044
2133,16758
2134,744
2135,730
2137,9740
2142,2360
2147,1394
2148,13968
2150,6860
2152,3866
2156,14202
2158,93116
2163,820
2164,3108
2166,320
2170,302
2171,1938
3001,3144
3002,1916
3006,4324
3008,27952
3012,1520
3016,19090
3018,2592
3019,2304
3021,2550
3022,2340
3023,4018
3024,43430
3025,10444
3026,5636
3027,2242
3030,5008
3032,21736
3036,5020
3037,1948
3039,1822
3040,3062
3041,1776
3042,648
3043,19804
3044,778
3045,2370
3047,2628
3049,13570
3051,934
3052,2490
3055,3216
3058,5188
3060,2804
3062,5146
3065,4054
3066,5240
3068,31444
3069,2848
3070,3550
3073,6934
3076,11082
3077,2690
3079,8758
3082,8656
3083,1094
3084,4424
3088,3278
3090,454
3091,3278
3093,2214
3095,4882
3097,2474
3098,1574
3100,4962
3103,3594
3104,1628
3106,207970
3108,28476
3109,4348
3112,2682
3114,4346
3115,1856
3116,2700
3119,1628
3120,2762
3121,4280
3122,3736
3129,1890
3130,7720
3131,11196
3133,6078
3134,1480
3135,3916
3138,1108
3139,2814
3140,1494
3141,2156
3143,5462
3144,934
3146,1842
3149,41424
3153,1952
3154,9844
3158,4056
3159,1734
3164,1092
3166,10542
4001,312
4002,432
4003,63218
4004,462
4005,274
4006,152
4007,400
4008,2034
4009,11800
4010,2132
4011,1230
4012,15098
4013,1360
4014,1286
4015,438
4016,6922
4017,202
4018,704
4019,7326
4020,962
4021,112
4022,8340
4023,200
4024,756
4025,24852
4026,348
4027,1272
4028,19434
4029,59704
4030,596
4031,84
4032,558
4033,2050
4034,20328
4035,1182
4037,11120
4038,156
4039,184
4040,13602
4041,6114
4042,2300
4043,8690
4044,348
4045,2836
4046,4414
4047,310
4049,2748
4050,634
4051,1808
4052,592
4053,118
4054,214
4055,1396
4056,1678
4057,954
4058,1330
4059,10862
4060,172
4061,13914
4062,4062
4063,840
4064,10272
4065,4480
4066,11354
4067,18736
4068,7244
4069,362
4070,172
4071,1618
4072,4332
4073,4538
4074,1880
4075,6636
4076,746
4077,316
4078,112406
4079,3828
4080,7276
4081,9354
4082,14088
4083,178
4084,1694
4085,3934
4086,3468
4087,950
4088,596
4089,48954
4090,1490
4091,3128
4092,538
4093,1152
4094,682
4095,5974
4096,5218
4097,528
4098,258
4099,4588
4100,4034
4101,7178
4102,132
4103,156
4104,2856
4105,5476
4106,902
4107,1524
4108,1668
4109,392
4110,2912
4111,378
4112,98
4113,4440
4114,4420
4115,2626
4116,7640
4117,6580
4118,2842
4119,120
4120,442
4121,1476
4122,568
4123,446
4124,524
4125,1208
4126,2576
4127,164
4128,2758
4129,1144
4130,44720
4131,1220
4132,3958
4133,9374
4134,1088
4135,1702
4136,1482
4137,956
4138,452
4139,1042
4140,3188
4141,458
4142,4730
4143,8138
4144,4042
4145,1702
4146,1866
4147,7098
4148,6726
4149,726
4150,726
4151,2000
4152,1944
4153,794
4154,164
4155,3114
4156,178
4157,5364
4158,1136
4159,566
4160,408
4161,536
4162,224
4163,11196
4164,658
4165,4202
4166,5500
4167,152
4168,2790
4169,1964
4170,6666
4171,2216
4172,332
4173,470
4174,344
4175,980
4176,4038
4177,1362
4178,848
4179,19816
4180,8506
4181,2112
4182,218
4183,196
4184,188
4185,4446
4186,948
4187,3070
4188,260
4189,3216
4190,4242
4191,1486
4192,5336
4193,312
4194,3214
4195,840
4196,1916
4197,1662
4198,708
4199,950
4200,324
4201,2490
4202,1436
4203,35052
4204,170
4205,1996
4206,326
4207,814
4208,6028
4209,4680
4210,3774
4211,4718
4212,5722
4213,7918
4214,2748
4215,43330
4216,364
4217,4266
4218,1122
4219,600
4220,986
4221,646
4222,12690
4223,5446
4224,202
4225,4306
4226,330
4227,980
4228,1462
4229,92
4230,1546
4231,624
4232,4470
4233,1816
4234,1548
4235,208
4237,2768
4238,1056
4239,2310
4240,12842
4241,4626
4242,6324
4243,5210
4244,5872
4245,11604
4246,1490
4247,3074
4248,1214
4249,728
4250,1002
5001,3156
5002,1000
5003,1924
5004,1134
5005,151056
5006,762
5007,2314
5008,656
5009,818
5010,618
5011,1610
5012,5054
5013,3404
5014,2574
5015,2424
5016,828
5017,20784
5018,1998
5019,632
5020,1202
5021,1198
5022,7408
5023,2342
5024,1188
5025,5356
5026,610
5027,280
5028,3742
5029,1652
5030,1452
5031,6252
5032,800
5033,1418
5034,940
5035,442
5036,1188
5037,736
5038,458
5039,900
5040,2444
5041,584
5042,2908
5044,406
5045,616
5046,548
5047,1186
5048,1072
5049,1042
5050,11510
5051,904
5052,2144
5053,3066
5054,1102
5055,1462
5056,1174
5057,1216
5058,4276
5059,4046
5060,642
5061,488
5062,766
5063,1004
5064,404
5065,2056
5066,4252
5067,2002
5068,1824
5069,5666
5070,1766
5071,1748
5072,642
5073,1870
5074,1480
5075,2552
5076,4640
5077,2160
5079,372
5080,20656
5081,142
5082,840
5083,920
5084,1118
5085,432
5086,1176
5087,4042
5088,332
5089,3124
5090,1558
5091,748
5092,946
5093,1802
5094,764
5095,694
5096,2832
5097,16442
5098,212
5099,1366
5100,2034
5101,2418
5103,1078
5104,226
5105,502
5106,1060
5107,304
5108,3426
5109,1592
5110,492
5111,562
5112,4836
5113,1218
5114,482
5115,1722
5116,1642
5117,5970
5118,11294
5119,774
5120,1134
5121,3170
6001,39464
6002,586
6003,187268
6004,1484
6005,1464
6007,848
6008,728
6009,12734
6010,524
6011,2670
6012,4136
6013,3284
6014,1004
6015,1416
6016,312
6017,3620
6018,3902
6019,1116
6020,2768
6021,4622
6022,2316
6023,652
6024,866
6025,962
6026,956
6027,1466
6028,902
6029,3670
6030,2252
6031,620
6032,852
6033,1862
6034,170
6035,1004
6036,1452
6037,2382
6038,744
6039,67184
6040,1968
6041,238
6043,5886
6044,1700
6045,176
6046,800
6047,8908
6048,282
6049,3850
6050,920
6051,2946
6052,1272
6053,10066
6054,824
6055,530
6056,990
6057,810
6058,600
6059,2694
6060,880
6061,1910
6062,646
6063,2072
6065,340
6066,368
6067,1186
6068,4420
6069,622
6070,1020
6071,880
6072,980
6073,2756
6074,1304
6075,3856
6076,3198
6077,2104
6078,1632
6079,1304
6081,8918
6082,1372
6083,604
6084,486
6085,958
6086,606
6087,1318
6088,1634
6090,156
6091,2636
6092,2588
6093,362
6094,2524
6095,4208
6096,1178
6097,1910
6098,398
6099,380
6100,298
6101,1124
6102,502
6103,474
6104,1238
6105,614
6106,1064
6107,586
6108,608
6109,2770
6110,834
6111,1422
6112,1254
6113,2686
6114,56510
6115,2540
6116,876
6117,478
6118,234
6119,830
6120,1232
6121,22438
6122,2396
6123,2764
6124,400
6125,1078
6126,1282
6127,2542
6128,2374
6129,1790
6131,668
6132,7062
6133,2750
6134,1156
6135,658
6136,2024
6137,592
6138,9224
6139,972
6140,3908
6141,2764
6142,3128
6143,1280
6144,2776
6145,804
6146,250
6147,2968
6148,430
6149,2996
6150,648
6151,7988
6152,1136
6153,2414
6154,8358
6155,1142
6156,768
6157,788
6158,2314
6159,1046
6160,11948
6161,2528
6162,3822
6163,3268
6164,418
6165,1952
6166,718
6167,4774
6168,3820
6169,3076
6170,1234
6171,1844
6172,1708
6173,2682
6174,54496
6175,552
6176,1352
6177,37348
6178,1964
6179,1918
6180,4122
6181,6222
6182,958
6183,1792
6184,600
6185,3608
6186,1324
6187,2414
6188,2372
6189,266
6190,1418
6191,3734
6192,3378
6193,2758
7001,418
7002,1106
7003,68104
7004,2486
7005,1722
7006,604
7007,2760
7008,4230
7009,240
7010,446
7011,1892
7012,1724
7013,1502
7014,1070
7015,1816
7016,192
7017,1412
7018,768
7019,4802
7020,9164
7021,2700
7022,5460
7023,4920
7024,1010
7025,452
7026,952
7027,3580
7028,860
7029,896
7030,3482
7031,6750
7032,628
7033,1590
7034,2344
7035,1304
7036,810
7037,2736
7038,1416
7039,214
7040,4080
7041,1594
7042,888
7043,3542
7044,4246
7045,5942
7046,328
7047,424
7048,920
7049,3074
7050,340
7051,1588
7052,7276
7053,2040
7054,8212
7055,168
7056,338
7057,2048
7058,7034
7059,748
7060,2720
7061,628
7062,400
7063,6456
7064,658
7065,9128
7066,9712
7067,1118
7068,386
7069,1216
7070,346
7071,4526
7072,2552
7073,5264
7074,2500
8001,740
8002,1244
8003,306
8004,234
8005,666
8006,2188
8007,682
8008,20746
8009,834
8010,1670
8011,11232
8012,530
8014,2456
8015,548
8016,2328
8017,2276
8018,534
8019,1150
8020,1024
8021,2452
8022,1204
8023,374
8024,1560
8025,1368
8026,4550
8027,11670
8028,2212
8029,4136
8030,2646
8031,85228
8032,1372
8033,564
8034,344
8035,1228
8037,226
8038,386
8039,6308
8040,1666
8041,898
8042,2692
8043,1570
8044,1718
8045,4622
8046,1340
8047,952
8048,1102
8049,628
8050,5690
8051,592
8052,6124
8053,2532
8054,2520
8055,109700
8056,4172
8057,550
8058,2026
8059,28068
8060,464
8061,700
8062,2586
8063,13840
8064,780
8065,48684
8066,490
8067,920
8068,996
9001,21304
9002,48122
9003,10678
9004,19484
9005,4002
9006,14986
9007,1192
9008,1074
9009,1522
9010,2146
9011,5022
9012,9318
9013,4292
9014,714
9015,25682
9016,3444
9017,2876
9018,10822
9019,1466
9020,640
9021,290
9022,10136
9023,6842
9024,10918
9025,4178
9026,2130
9027,3890
9028,446
9029,22716
9030,2530
9031,2000
9032,830
9033,3518
9034,22068
9035,1868
9036,2162
9037,216
9038,6562
9039,1010
9040,1570
9041,378
9042,5180
9043,432
9044,1786
9045,3224
9046,900
9047,1868
9048,1594
9049,17222
9050,1284
9051,1676
9052,14102
9053,1106
9054,1546
9055,3534
9056,119866
9057,7252
9058,5920
9059,1678
9060,344
9061,5390
9062,5154
9063,1376
9064,16614
9065,25802
9066,724
9067,1608
9068,5548
9069,592
10001,22636
10002,5050
10003,5226
10004,8900
10005,3892
10006,10784
10007,10336
10008,5682
10009,13360
10010,7486
10011,13542
10012,6292
10013,3138
10014,7470
10015,55450
10016,4750
10017,17846
10018,11414
10019,554
10020,1046
10021,3684
10022,130
10023,904
10024,506
10025,1148180
10026,170
10027,2890
10028,25122
10029,4778
10030,844
10031,3008
10032,7186
10033,5282
10034,2976
10035,7114
10036,4936
10037,5368
10038,450
10039,4044
10040,4406
10041,1682
10042,1054
10043,4970
10044,754
10045,274
10046,59344
10047,19266
10048,1898
10049,8438
10050,124
10051,5256
10052,1012
10053,5236
10054,17946
10055,11492
10056,2114
10057,6166
10058,15422
10059,36164
10060,8156
10061,1026
10062,4438
10063,1184
10064,4342
10065,1528
10066,740
10067,4800
11001,8728
11002,20720
11003,4658
11004,15354
11005,1672
11006,1802
11007,2580
11008,2174
11009,1040
11010,972
11011,16768
11012,2746
11013,12606
11014,1258
11015,186576
11016,20008
11017,10736
11018,1230
11019,2804
11020,16642
11021,1084
11022,6840
11023,7256
11024,2858
11025,1370
11026,20022
11027,44296
11028,2658
11029,3764
11030,1558
11031,14618
11032,994
12001,816
12002,10474
12003,10994
12004,20178
12005,9670
12006,9382
12007,1526
12008,3366
12009,3232
12010,1318
12011,5098
12012,11114
12013,17934
12014,6574
12015,8778
12016,4430
12017,6416
12018,1724
12019,3446
12020,2472
12021,1598
12022,2480
12023,1874
12024,2358
12025,6254
12026,167818
12027,4424
12029,15408
12030,9528
12031,5190
12032,29708
12033,13364
12034,36356
12035,9764
12036,5438
12037,2768
12038,7410
12039,11428
12040,43602
12041,1324
12042,28876
12043,1118
12044,2610
12045,3922
12046,15394
12047,10212
12048,11536
12049,1634
12050,20858
12051,7664
12052,3886
12053,9398
12054,2418
12055,5862
12056,1570
12057,1218
12058,7222
12059,6198
12060,5982
12061,330
12062,6682
12063,3346
12064,6070
12065,2980
12066,248
12067,24958
12068,13578
12069,1398
12070,107868
12071,1992
12072,18582
12073,9252
12074,5764
12075,21782
12076,7794
12077,5270
12078,9894
12079,16622
12080,4342
12081,2510
12082,2132
12083,20900
12084,10596
12085,10516
12086,12070
12087,17290
12088,7476
12089,10108
12090,23342
12091,2516
12092,29150
12093,2680
12095,2540
12096,33446
12097,7194
12098,16048
12099,632
12100,606
12101,3672
12102,3226
12103,2998
12104,3866
12105,8550
12106,9936
12107,8638
12108,25224
12109,15876
12110,1642
12113,5882
12114,4660
12115,1860
12116,2620
12117,6166
12118,32348
12119,78664
12120,22300
12121,8162
12122,10866
12123,36052
12124,12190
12125,7352
12126,5184
12127,38174
12128,8158
12129,454
12130,21418
12131,3182
12132,4906
12133,161290
12134,14852
12136,12186
12137,14868
12138,17436
12139,10460
12140,1144
12141,2980
12142,5160
12143,5344
13003,12800
13004,8444
13005,5460
13006,2588
13007,9800
13009,3670
13010,15534
13011,1358
13012,10326
13013,7144
13015,1164
13021,658
13022,5560
13023,9584
13024,3444
13025,572
13026,2434
13028,13158
13029,4360
13030,660
13032,3370
13034,8162
13035,15048
13036,16026
13037,988
13040,4006
13041,80062
13042,10376
13043,11146
13044,2288
13045,5912
13046,8982
13047,6374
13048,13298
13052,3330
13053,9968
13055,6746
13058,2514
13059,1814
13062,406
13063,1090
13064,18530
13065,13306
13068,4270
13071,1136
13074,998
13075,171830
13077,1650
13083,1348
13084,6990
13085,448
13087,1214
13089,2964
13090,6578
13092,496
13095,32670
13097,5236
13098,2324
13099,9560
13100,6454
13101,10216
13102,19700
13106,1416
13107,2070
13110,5704
13111,2650
13113,1240
13114,11682
13118,18396
13119,1782
13120,1062
13121,4978
13123,942
13126,4048
13128,7796
13129,11954
13130,332
13131,8674
13133,20182
13134,3874
13135,5534
13136,10964
13137,5192
13138,19760
13139,1304
13143,50706
13144,6538
13145,6248
13147,8184
13152,3192
13153,4756
13154,10680
13155,442
13157,5200
13159,17578
13160,1916
13161,2404
13163,5726
13165,23620
13169,4808
13170,5406
13178,372
13183,2124
13184,474
13185,1668
13186,1384
13187,466
13188,8728
13189,9894
13192,1888
13193,2766
13195,610
13197,2616
13199,3430
13201,15890
13202,12462
13203,1016
13204,1982
13206,15718
13207,580
13211,1740
13212,6316
13216,2468
13217,1280
13218,1234
13222,11510
13223,2300
13226,464
13227,19082
13228,9880
13229,5330
13232,5374
13233,324
13234,2998
13236,400
13238,6128
13239,1512
13242,8352
13245,16076
13246,394
13248,3504
13249,8306
13250,7388
13251,10964
13252,10246
13253,5898
13254,7196
13255,9442
14001,572
14002,5994
14003,1174
14004,3092
14005,6514
14006,236
14007,8196
14008,2590
14009,8322
14010,3998
14011,2168
14012,1868
14013,2734
14014,1238
14015,3150
14016,860
14017,1588
14018,14660
14019,4866
14020,5050
14021,680
14022,2254
14023,2754
14024,10934
14025,914
14026,6688
14027,7422
14028,1108
14029,1592
14030,1124
14031,314
14032,3914
14033,8942
14034,3340
14035,1066
14036,2600
14037,13538
14038,1260
14039,1484
14040,1990
14041,1880
14043,3642
14044,5932
14045,24886
14046,3808
14047,74
14048,2814
14049,4288
14050,3838
14051,3704
14052,4504
14053,1322
14054,5914
14055,578
14056,1090
14057,5808
14058,708
14059,976
14060,8086
14061,42914
14062,162
14063,9368
14064,390
14065,9048
14066,17972
14067,1502
14068,1294
14069,5706
14070,4032
14071,8358
14072,7228
14073,5102
14074,1736
14075,2152
14076,428
14077,1912
14078,5938
15002,65710
15005,9470
15007,13388
15009,39366
15010,24638
15011,18404
15012,34688
15014,7404
15015,16168
15016,7736
15019,6118
15022,4108
15024,14490
15026,8186
15027,73522
15032,52820
15035,4876
15036,54140
15038,9296
15040,16848
15041,27956
15042,2450
15044,14256
15046,25274
15050,8336
15051,31356
15055,8066
15058,10938
15059,38324
15060,28032
15061,3712
15062,22430
15070,69960
15071,10202
15072,30442
15074,47932
15076,28914
15077,152528
15078,9752
15081,96060
15082,4128
15085,37034
15086,41032
15087,41162
15093,70076
15096,16520
15097,8526
15098,37888
15099,12886
15101,6024
15103,18410
15105,54270
15106,17530
15108,41670
15110,6142
15112,3244
15113,17316
15114,22642
15115,18152
15116,52428
15118,120672
15122,8268
15125,20682
15130,48776
15131,18554
15134,12334
15136,7268
15139,24588
15140,36758
15142,37340
15144,8462
15146,2792118
15150,2114
15151,16156
15154,34284
15155,1298
15157,40214
15158,9154
15159,28200
15164,8652
15165,2870
15166,94934
15167,11842
15168,56192
15169,22580
15170,22946
15171,47888
15172,18174
15173,31838
15175,74452
15176,16796
15177,12458
15178,17196
15179,14770
15181,28434
15182,102646
15183,9706
15184,13632
15185,9172
15188,11634
15189,85114
15191,14904
15192,65688
15194,13436
15195,78170
15200,10066
15201,16680
15202,8932
15204,24968
15205,73158
15206,43250
15209,163682
15210,14878
15211,40408
15213,28204
15219,10530
15220,42606
15221,24342
15222,7282
15224,11712
15226,14328
15229,18716
15230,18588
15236,6630
15237,18572
15242,34306
15243,18552
15244,8014
15247,13808
15248,12414
15249,10498
15250,24540
15251,11484
16001,4382
16002,1624
16003,16760
16004,35600
16005,11080
16006,12746
16007,11314
16008,27366
16009,4784
16010,6448
16011,9716
16012,6856
16013,5474
16014,364
16015,1114
16016,15250
16017,776
16018,8792
16019,1396
16020,8474
16021,4002
16022,1418
16023,4886
16024,243562
16025,2794
16026,1180
16027,152
16028,12832
16029,12440
16030,20316
16031,13392
16032,2332
16033,1998
16034,10216
16035,1430
16036,1388
16037,17170
16038,15878
16040,12060
16041,228
16042,11226
16043,12164
16044,10704
16046,16620
16047,8608
16048,1198
16049,8654
16050,2420
16051,16482
16052,6172
16053,32594
16055,9646
16056,600
16057,9426
16058,7940
16059,8242
16060,6372
16061,226
16062,21004
16063,5694
16064,6782
16065,2584
16066,5270
16067,3290
16068,5104
16069,7808
16070,8332
16071,3176
16072,6896
16073,12232
16074,12622
16075,10988
16076,10248
16077,17314
16078,2244
16079,22356
16080,3296
16081,8872
16082,1866
16083,3882
16084,6762
16085,1114
16086,18070
16087,8336
16088,7220
16089,15128
16090,454
16091,47338
16092,1788
16093,6858
16094,4020
16096,16084
16097,2588
16098,6242
16099,2274
16100,5992
16101,9452
16102,1130
16103,374
16104,6170
16105,6856
16106,414
16107,1996
16108,10734
16109,2982
16110,1712
16111,10012
16113,12330
16114,10364
16115,13130
16116,3038
16117,12974
16118,2390
16119,1772
16120,14900
16121,346
16122,1296
16123,8324
16124,8822
16125,1148
16126,7496
16127,1662
16128,10364
16129,5726
16130,1788
16131,8166
16132,13850
16133,21510
16134,324
16135,5948
16136,414
16137,2330
16139,6626
16140,5022
16141,5936
16142,9000
16143,14854
16144,23028
16145,988
16146,1980
16147,292
16148,1166
16149,1814
16150,3412
16151,294
16152,10652
16153,25310
16154,4236
16155,8098
16156,8974
16157,11556
16158,5422
16159,714
16160,12052
16161,3554
16162,2922
16163,2130
16164,2410
16165,788
16166,178
16167,3204
16168,3540
16169,13624
16170,23234
16171,6716
16172,10052
16173,9184
16174,3760
16175,2204
16176,9678
16177,3398
16178,11932
16179,2460
16180,1826
16182,7742
16183,41620
16184,840
16185,1602
16186,1840
16187,8316
16188,9464
16189,11560
16190,9654
16191,1080
16193,13600
16194,19850
16195,2306
16196,5020
16197,4040
16198,50760
16199,4124
16200,3608
16201,1420
16202,18240
16203,8994
16204,10610
16205,1992
16206,11472
16207,26598
16208,2136
16209,7640
16210,1092
16211,4036
16212,10162
16213,16156
16214,17650
16215,4326
16216,4916
16217,2228
16218,19542
16219,61260
16220,21890
16221,2760
16222,19850
16223,2030
16224,8744
16225,1190
16226,264
16227,426
16229,522
16230,378
16232,15050
16233,16404
16234,9106
16235,2262
16236,2698
16237,1158
16238,9290
16239,13366
16240,13548
16241,3664
16242,16336
16243,2894
16244,5476
16245,17608
16246,17602
16247,1794
16248,1316
16249,594
16250,4804
16251,4076
16252,7784
16253,8512
17001,3008
17002,14502
17003,3330
17004,4850
17005,934
17006,4688
17007,7228
17008,6792
17009,25238
17010,7614
17011,4640
17012,2318
17013,4658
17014,24458
17015,5582
17016,3164
17017,4936
17018,7542
17019,2672
17020,10788
17021,18528
17022,5334
17023,21694
17024,4188
17025,15122
17026,3420
17027,1380
17028,9628
17029,399158
17030,1470
17031,4268
17032,26280
17033,7166
17034,17050
17035,4882
17036,698
17037,9232
17038,19024
17039,26074
17040,16832
17041,13368
17042,22024
17043,23142
17044,3320
17045,14846
17046,21942
17047,2282
17048,9758
17049,1308
17050,3628
17051,1686
17052,38512
17053,3048
17054,1072
17055,5476
17056,17590
17057,9196
17058,4074
17059,15158
17060,8024
17061,31492
17062,14310
17063,3854
17064,2840
17065,31312
17066,11162
17067,59198
17068,8948
17069,17482
17070,10432
17071,4044
17072,17884
17073,9320
17074,5316
17075,23118
17076,5652
17077,24718
17078,37260
17079,4286
17080,10158
17081,33438
17082,3798
17083,714
17084,256
17085,18310
17086,8252
17087,1030
17088,28524
17089,2284
17090,3332
17091,7684
17092,33624
17093,1114
17094,1222
17095,772
17096,44004
17097,2932
17098,220
17099,7084
17100,4006
17101,6212
17102,10828
17103,26636
17104,8548
17105,1310
17106,6292
17107,24962
17108,3466
17109,5242
17110,1072
17111,3376
17112,9116
17113,52288
17114,10244
17115,1560
17116,5350
17117,21492
17118,4036
17119,7846
17120,9516
17121,3858
17122,8154
17123,6416
17124,1960
17125,25104
17126,4968
17127,29894
17128,3060
17129,9458
17130,7342
17131,350
17132,4252
17133,40632
17134,9706
17135,1198
17136,14044
17137,5526
17138,8990
17139,1080
17140,1210
17141,2938
17142,9540
17143,15808
17144,4950
17145,5420
17146,7538
17147,10490
17148,3504
17149,14120
17150,13894
17151,7140
17152,5784
17153,3066
17155,13932
17156,14566
17157,1786
17158,6954
17159,12508
17160,6798
17161,26992
17162,9600
17163,19682
17164,8860
17165,18920
17166,38842
17167,11658
17168,7958
17169,6700
17170,21238
17171,6896
17172,5332
17173,9554
17174,26530
17175,1744
17176,2856
17177,2910
17178,6114
17179,16672
17180,3840
17181,2506
17182,3926
17183,2500
17184,2248
17185,2422
17186,13034
17187,15530
17188,27844
17189,4154
17190,10920
17191,1042
17192,7462
17193,2884
17194,356
17195,16312
17196,7540
17197,8576
17198,2908
17199,21532
17200,2772
17201,11690
17202,1308
17203,4026
17204,16446
17205,2108
17206,9426
18001,1636
18002,480
18003,1068
18004,7276
18005,3128
18006,724
18007,1284
18008,1708
18009,3616
18011,1910
18012,1350
18013,12624
18014,5816
18015,5292
18016,2770
18017,830
18018,1890
18019,5342
18020,1252
18021,1060
18022,1474
18023,7002
18024,19272
18025,214
18026,2194
18027,3030
18029,2738
18030,2872
18031,902
18032,1760
18033,4944
18034,17786
18035,13900
18036,1458
18037,13462
18038,2100
18039,2220
18040,1070
18041,13464
18042,448
18043,4522
18044,362
18045,1414
18046,11000
18047,2360
18048,7968
18049,2608
18050,10908
18051,1916
18052,3160
18053,3544
18054,1544
18057,2054
18058,790
18059,734
18060,9856
18061,9230
18062,2194
18063,1620
18064,716
18065,2320
18066,388
18067,418
18068,19840
18069,19266
18071,2822
18072,10668
18073,6486
18074,378
18075,5476
18076,8778
18077,2942
18078,13034
18079,720
18080,2308
18081,5660
18082,250
18083,4214
18084,4918
18085,3486
18086,5014
18087,3322
18088,12808
18089,710
18090,2106
18091,944
18092,2694
18093,7660
18094,1768
18095,3086
18096,1040
18097,816
18098,542
18099,1386
18100,3316
18101,1252
18102,31218
18103,578
18104,1442
18105,338
18106,2196
18107,3768
18108,626
18109,3880
18110,146668
18111,1616
18112,1744
18113,3656
18114,5310
18115,3428
18116,1384
18117,1558
18118,2960
18119,820
18120,2074
18121,3154
18122,10598
18123,11700
18124,1082
18125,166
18126,418
18127,1252
18128,1258
18129,3116
18130,1110
18131,1750
18133,978
18134,1286
18135,7904
18136,2120
18137,12896
18138,10596
18139,3800
18140,3184
18141,1946
18142,944
18143,4598
18144,1586
18145,1106
18146,3078
18147,1774
18148,408
18149,1326
18150,12546
18151,2328
18152,1052
18153,23300
18154,1232
18155,3216
18156,1108
18157,1878
18158,632
18159,4820
18160,7076
18161,1646
18162,8926
18163,4660
18164,7472
18165,2046
18166,1164
18167,418
18168,4298
18169,2962
18171,6188
18172,196
18173,6710
18174,750
18175,2506
18176,13152
18177,127246
18178,134
18179,1560
18180,6792
18181,3158
18182,78690
18183,240
18184,1956
18185,3384
18186,2010
18187,956
18188,782
18189,3490
18190,6246
18191,1696
18192,5166
18193,2142
19001,2326
19002,7834
19003,4022
19004,1216
19005,9838
19006,2934
19007,1160
19009,2342
19010,2478
19011,1346
19012,4330
19013,1096
19014,846
19015,4648
19016,7634
19017,3752
19018,2290
19019,1040
19020,3674
19021,30962
19022,3266
19023,1146
19024,900
19025,18908
19026,11342
19027,614
19028,958
19029,4560
19030,1802
19031,2390
19032,2150
19033,2718
19034,3138
19035,69212
19036,145344
19037,3460
19038,1286
19039,866
19040,604
19041,7618
19043,2438
19044,2092
19045,1762
19046,3840
19047,2288
19048,2672
19049,1254
19050,3022
19051,3460
19052,5394
19053,2278
19054,3936
19055,5636
19056,3436
19057,4168
19058,4558
19059,4982
19060,1500
19061,1674
19062,12200
19063,1854
19064,5650
19065,2808
19066,7652
19067,18022
19068,6766
19069,3036
19070,1218
19072,5054
19073,2260
19074,2538
19075,3194
19076,12770
19077,2882
19078,1788
19079,3546
19080,2002
19081,6834
19082,1052
19083,3738
19084,16354
19085,4574
19086,6338
19087,2302
19088,4364
19089,2638
19090,3820
19091,812
19092,2694
19093,1090
19094,7084
19095,6532
19096,1880
19097,15202
19098,17714
19099,6254
19100,2982
19101,1232
19102,13764
19103,3004
19104,840
19105,946
19106,916
19107,4158
19108,1184
19109,5618
19110,3376
19111,7310
19112,9054
19113,7782
19114,974
19115,680
19116,7918
20001,5630
20002,20114
20003,11738
20007,8336
20008,8584
20010,4464
20011,5510
20012,3034
20013,6518
20014,9082
20015,25348
20016,10474
20017,47644
20018,7618
20019,5122
20020,2226
20021,29980
20022,6746
20024,6038
20025,4380
20026,20268
20027,17816
20028,12000
20029,2950
20030,98880
20031,12902
20032,1616
20033,15562
20034,8256
20035,10854
20036,9954
20037,5044
20038,13124
20039,14022
20041,3450
20042,13084
20043,3400
20044,4654
20045,33306
20046,2248
20047,10836
20048,2480
20050,4948
20051,10618
20052,13914
20053,17378
20054,8248
20055,13780
20056,3040
20057,23760
20058,2494
20059,3356
20060,2264
20061,14518
20062,2942
20063,5372
20064,4096
20065,42588
20066,40112
20068,4298
20070,14660
20071,29608
20072,10982
20073,3856
21001,3312
21002,2076
21003,790
21004,29864
21005,1560
21006,6942
21007,3508
21008,214814
21009,1308
21010,4504
21011,45144
21012,5566
21013,33548
21014,772
21015,16170
21016,5334
21017,11034
21018,4572
21019,13762
21020,3088
21021,5854
21022,10438
21023,6842
21024,4438
21025,1306
21026,2752
21027,4772
21028,6692
21029,10926
21030,5720
21031,7232
21032,2010
21033,5142
21034,6596
21035,3502
21036,1810
21037,10396
21038,10050
21039,5492
21040,36058
21041,24934
21042,8188
21043,676
21044,3110
21045,2562
21046,10574
21047,6236
21048,5628
21049,1658
21050,3388
21051,82340
21052,5838
21053,3428
21054,4132
21055,3958
21056,11778
21057,6490
21058,3998
21059,7954
21060,7750
21061,9728
21062,7630
21063,3196
21064,1474
21065,382
21066,3806
21067,7292
21068,1090
21069,512
21070,9076
21071,5822
21072,15932
21073,2788
21074,6322
21075,2524
21076,7614
21077,6698
21079,6148
21080,7138
21081,7758
21082,3508
21083,6488
21084,3082
21085,4030
21086,14320
21087,5832
21088,2842
21089,5172
21091,2490
21092,3758
21093,12484
21094,3678
21095,2300
21096,3518
21097,9076
21098,6876
21099,3988
21100,2020
21101,4886
21102,2112
21103,1916
21104,5822
21105,2100
21106,6340
21107,6180
21108,12030
21109,4650
21110,6648
21111,9588
21112,1946
21113,3204
21114,3650
21115,14088
21116,5976
21117,2796
21118,1520
22001,17616
22002,2970
22003,6296
22005,2248
22006,35854
22007,8238
22009,10174
22011,2964
22013,5418
22015,862
22017,3070
22018,772
22021,1314
22022,13996
22025,8024
22026,508
22029,1368
22032,2704
22033,2196
22034,7660
22035,3962
22036,1414
22037,3038
22038,2954
22039,3762
22040,1168
22042,1918
22043,1052
22045,442
22047,4638
22048,2364
22049,2114
22050,8224
22051,2214
22052,1084
22053,6032
22054,468
22058,1388
22059,704
22060,610
22061,8180
22062,14062
22064,1992
22068,1358
22071,850
22074,2480
22078,1170
22079,10234
22081,1824
22083,2150
22085,974
22087,6322
22089,2638
22090,676
22091,800
22092,5038
22093,1484
22095,4272
22097,2346
22098,5530
22102,2352
22103,18226
22104,16266
22106,1602
22108,1754
22109,520
22110,4434
22112,282
22113,1170
22114,1786
22115,3178
22116,11078
22117,14622
22118,5252
22120,2222
22123,19986
22124,5704
22127,4136
22128,2686
22129,2198
22130,1580
22131,1668
22133,328
22134,1654
22135,1988
22136,3672
22137,1570
22138,804
22139,43096
22142,1274
22143,6082
22144,4936
22147,9056
22150,2686
22153,35204
22155,2816
22156,5822
22157,914
22159,876
22160,3290
22161,80570
22162,814
22163,1620
22164,360
22165,1112
22167,7808
22168,2232
22169,1824
22170,1592
22171,2800
22172,2844
22173,744
22176,1366
22177,1604
22179,2504
22180,2552
22181,1400
22182,2410
22183,9158
22184,1184
22188,3832
22189,1184
22190,2090
22191,4024
22193,1398
22195,1284
22196,5998
22199,7320
22200,2620
22202,1352
22203,2958
22205,237804
22209,924
22210,2730
22213,3640
22216,344
22222,7602
22224,6046
22226,3540
22228,5868
22229,10548
22230,13336
22231,3136
22232,2300
22233,4220
22234,2886
22235,3220
22236,10154
22237,1082
22238,3988
22239,1424
22240,6618
22241,4676
22242,2776
22243,5804
22244,3584
22245,10726
22246,5824
22247,2790
22248,10206
22249,9602
22250,7122
22251,6110
22252,4964
22253,7236
22254,5138
23001,4732
23002,10492
23003,4630
23004,12708
23005,5212
23006,14414
23007,6522
23008,3428
23009,3980
23010,2750
23011,7122
23012,32284
23013,2686
23014,4968
23015,40722
23016,14070
23017,15844
23018,17230
23019,11144
23020,7326
23021,23916
23022,26776
23023,12052
23024,2984
23025,33386
23026,5016
23027,17028
23028,17472
23029,2178
23030,7804
23031,5206
23032,3792
23033,1540
23034,500
23035,8230
23036,8222
23037,10514
23038,21676
23039,10466
23040,23076
23041,6496
23042,17122
23043,14056
23044,51140
23045,7378
23046,6306
23047,5060
23048,9124
23049,8644
23050,18032
23051,15956
23052,34092
23053,16874
23054,7470
23055,20582
23056,2504
23057,6286
23058,34952
23059,21860
23060,14530
23061,5032
23062,4404
23063,7544
23064,11912
23065,5268
23066,3194
23067,4192
23068,7644
23069,43072
23070,10016
23071,50702
23072,8238
23073,31636
23074,1144
23075,6060
23076,25864
23077,23974
23078,5080
23079,2828
23080,1788
23081,14298
23082,29670
23083,35422
23084,6010
23085,4300
23086,6142
23087,9818
23088,5526
23089,31516
23090,1514
23091,519216
23092,10254
23093,5118
23094,20652
23095,11630
23096,67002
23097,30706
23098,9730
24001,2784
24002,4026
24003,3198
24004,23870
24005,4344
24006,15646
24007,6182
24008,51154
24009,12940
24010,1766
24012,86954
24013,12874
24014,17124
24015,13296
24016,6378
24017,8018
24018,22674
24019,4984
24020,2648
24021,22470
24022,3364
24024,7158
24025,7602
24026,30080
24027,5786
24028,12432
24029,25384
24030,4978
24032,6272
24034,23806
24035,15406
24036,22694
24037,2616
24038,27812
24039,3166
24040,7574
24041,1360
24042,4760
24043,6864
24044,1664
24046,8570
24047,7534
24048,20662
24049,248
24050,382
24051,11218
24052,32862
24053,7246
24055,29600
24056,19064
24057,28210
24060,12992
24061,46788
24062,10040
24063,5608
24064,6808
24065,3622
24066,5696
24067,18110
24068,6138
24070,15230
24071,6220
24072,2414
24073,9886
24074,18030
24075,6102
24076,1456
24077,4346
24078,16474
24079,8520
24080,1116
24081,6226
24082,5578
24083,11650
24084,12408
24085,8456
24086,28612
24087,29284
24088,16260
24089,1302
24090,2052
24091,16644
24094,3208
24095,11320
24096,7236
24097,10602
24098,13452
24099,5296
24100,77962
24101,3728
24102,8520
24103,15118
24104,25680
24105,48536
24106,1038
24107,11744
24108,23464
24110,17474
24111,52150
24112,2490
24113,6182
24115,4588
24116,223528
24117,3790
24118,12278
24119,13248
24120,2774
24121,1572
24122,13658
24123,6162
24124,12776
24125,10116
24126,11954
24127,9310
25001,8160
25002,5522
25003,2332
25004,4474
25005,6444
25006,71744
25007,1640
25008,3856
25010,2520
25011,7938
25012,2594
25013,756
25014,698
25015,4270
25016,11470
25017,884
25018,4694
25019,3728
25021,41128
25022,6256
25023,2192
25025,1124
25026,5582
25027,2138
25029,10656
25030,2596
25032,1112
25033,2592
25035,536
25036,8754
25037,712
25039,7458
25040,16282
25043,1230
25044,2392
25045,3176
25046,774
25047,3166
25048,13454
25049,1224
25050,4948
25051,3858
25053,20408
25054,986
25055,4858
25056,6254
25057,730
25058,2714
25059,3484
25060,2612
25062,970
25063,3740
25065,2790
25066,1682
25067,1668
25069,394
25070,6322
25071,10360
25072,13582
25073,6044
25074,27282
26001,14012
26002,9096
26003,18202
26004,11884
26005,15392
26006,15844
26007,9410
26008,22636
26009,26314
26010,22818
26011,4596
26012,67128
26013,14546
26014,5816
26015,7768
26016,7342
26017,6798
26018,5272
26019,10598
26020,10256
26021,70552
26022,13862
26023,12562
26025,12214
26026,17244
26027,7430
26028,11332
26029,12022
26030,5708
26031,12086
26032,10396
26033,11940
26034,8130
26035,18282
26036,18712
26037,10060
26038,19280
26039,10300
26040,18726
26041,5892
26042,6450
26043,55648
26044,8806
26045,2638
26046,62918
26047,8916
26048,5618
26049,21704
26050,13154
26051,41290
26052,8984
26053,7734
26055,44136
26056,14750
26057,23910
26058,16622
26059,26068
26060,1500
26061,4412
26062,10356
26063,34316
26064,19932
26065,3376
26066,18908
26067,4242
26068,22074
26069,29368
26070,13312
26071,26024
26072,13900
26073,10282
26074,9832
26075,18356
26076,19884
26077,14762
26078,6076
26079,3730
26080,12338
26081,20442
26082,24834
26083,23664
26084,8540
26085,21504
26086,171520
26087,20518
26088,13860
26089,33474
26090,7342
26091,35892
26092,55960
26093,20354
26094,3594
26095,23074
26096,13262
27001,7650
27002,14468
27003,21488
27004,26336
27005,22952
27006,26696
27007,12262
27008,97942
27009,6396
27010,5842
27011,20740
27012,30158
27013,24448
27014,16970
27015,8298
27016,11866
27017,14040
27018,5542
27019,53058
27020,35362
27021,43088
27022,12658
27023,77106
27024,54742
27025,22870
27026,32398
27027,14034
27028,24704
27029,49824
27030,9360
27031,16162
27032,25964
27033,83984
27034,23730
27035,35288
27036,25792
27037,38140
27038,56206
27039,15332
27040,4546
27041,9572
27042,518300
27043,19936
27044,27076
28001,40548
28002,6426
28003,53080
28004,8496
28005,3684
28006,4216
28007,9718
28008,6916
28009,6172
28010,1242
28011,7800
28012,4868
28013,17804
28014,7006
28015,14152
28016,32226
28017,29686
28018,5294
28019,24082
28020,11374
28021,4588
28022,3016
28023,15172
28026,9200
28027,9622
28028,10768
28029,2926
28030,11428
28031,3946
28032,40350
28033,12798
28034,20354
28035,10280
28036,14384
28037,32378
28038,16028
28039,14290
28040,8726
28041,8556
28042,9112
28043,3982
28044,18372
28045,16102
28046,15292
28047,6060
28048,18342
28049,3552
28050,12176
28052,3684
28053,5132
28054,23220
28055,34770
28056,17874
28057,23146
28058,23140
28059,11192
28060,424790
28061,7636
28062,2520
28063,22234
28064,19040
28065,40338
28066,6686
28067,4814
28068,7472
28069,26992
28070,7068
28071,9822
28072,33378
28073,9814
28075,20434
28076,12804
28077,26304
28078,8868
28079,6126
28080,14516
28082,14576
28083,5124
28084,3874
28085,20938
28086,46414
28087,13848
28088,8268
28089,18076
28090,5338
28091,16686
28092,12284
28093,25996
28094,8668
28095,4156
28096,9530
28097,3532
28098,1832
28099,26126
28100,46252
28101,11208
28102,4358
28103,20952
28104,12334
28105,6558
28106,17984
28107,14028
29001,38318
29002,8386
29003,5334
29004,20250
29005,2406
29006,5012
29007,2910
29008,1372
29009,5340
29010,1740
29011,3084
29012,8102
29013,5294
29014,3198
29015,7020
29017,4610
29018,4972
29019,3522
29021,4610
29022,7880
29023,2800
29024,5164
29025,1962
29026,3034
29027,4148
29028,2242
29029,23100
29030,6784
29031,6830
29032,3468
29033,24184
29034,2866
29035,3056
29036,2270
29037,7648
29038,4382
29039,18830
29040,12588
29041,102098
29042,2230
29043,2134
29044,7696
29045,6306
29046,16270
29047,5250
29048,9858
29049,2280
29050,3952
29051,1796
29052,28186
30001,4422
30002,1698
30003,1918
30004,6450
30005,4136
30006,5770
30007,3420
30008,6856
30009,10580
30010,4836
30011,3642
30012,1420
30013,12870
30014,7860
30015,3154
30016,15744
30018,5550
30019,5724
30020,7492
30021,1974
30022,1334
30023,27562
30024,1302
30025,1242
30026,22190
30027,32196
30028,4358
30029,922
30030,6234
30031,4246
30032,4574
30033,314
30034,204
30035,2626
30036,5658
30037,12240
30039,2204
30040,1102
30041,1820
30042,1144
30043,21556
30044,9368
30045,626
30046,26744
30047,1356
30048,7418
30049,13674
30051,1214
30052,4606
30053,11822
30054,1816
30055,12818
30056,3564
30057,13750
30058,5148
30059,3352
30060,3306
30061,992
30062,9818
30063,4940
30064,4908
30065,5286
30066,5716
30067,3670
30068,10240
30069,5868
30070,10894
30071,4112
30072,18836
30073,4914
30074,11020
30075,4880
30076,2696
30077,5052
30078,10948
30079,13906
30080,7178
30081,1760
30082,2914
30083,8038
30084,500
30085,1480
30086,1752
30087,5668
30088,1002
30089,900
30090,9674
30091,12346
30092,1888
30093,568
30094,790
30095,4784
30097,3990
30098,5718
30099,16020
30100,14864
30101,12192
30102,2138
30103,4226
30104,4628
30105,2496
30106,3406
30107,788
30108,722
30109,7490
30110,1766
30111,654
30112,2534
30113,1130
30114,7932
30116,17838
30117,8280
30118,29730
30120,5582
30121,20180
30122,4170
30123,5428
30124,4342
30126,3406
30127,15386
30128,3190
30129,198102
30130,5420
30131,3996
30132,1750
30133,4400
30135,1588
30136,1140
30137,3480
30138,2272
30188,12458
30189,2630
30190,12566
30191,1420
31001,3282
31002,14594
31003,2702
31004,658
31005,3348
31006,6080
31007,68068
31008,12828
31009,16108
31010,2954
31011,1954
31012,57632
31013,1420
31014,3104
31015,7408
31016,23874
31017,4362
31018,12338
31019,1510
31020,3072
31021,3978
31022,3402
31023,14652
31024,5714
31025,3370
32001,16852
32002,1726
32003,26026
32004,11420
32005,4060
32006,406468
33001,4004
33002,9394
33003,1908
33004,5370
33005,7096
33006,16092
33007,11942
33008,4820
33010,9684
33011,15338
33012,9126
33013,27830
33014,10468
33015,240
33016,1692
33017,1146
33018,9340
33019,2296
33020,2314
33021,30340
33022,4242
33023,11434
33024,9156
33025,4456
33026,7778
33027,10394
33028,1896
33030,926
33032,208630
33033,4412
33034,1192
33035,18392
33036,9388
33037,13070
33038,14092
33039,24526
33040,11308
33041,1672
33042,5834
33043,4282
33044,4106
33045,8400
33046,3396
33047,138
33048,4994
33049,5918
34001,4250
34002,4238
34003,6576
34004,4004
34005,1362
34006,13574
34007,13750
34008,4210
34009,29426
34010,18254
34011,2178
34012,3574
34013,18276
34014,54408
34015,14184
34016,11374
34017,11992
34018,21202
34019,10148
34020,21748
34022,1716
34023,22320
34024,7114
34025,26080
34026,2170
34027,396584
34028,1966
34030,5846
34031,11432
34032,39906
34033,11644
34035,3434
34036,9660
34038,2394
34039,4234
34040,1832
34041,15502
34042,19164
34044,1056
34045,5232
34046,2356
34049,15640
34050,6410
34051,25440
35001,17672
35002,19568
35003,6450
35004,20386
35005,10662
35006,11272
35008,21558
35009,11452
35010,10596
35011,7912
35012,38124
35013,8800
35014,30842
35015,17032
35016,20958
35017,19696
35018,7458
35020,50582
35021,13282
35022,11600
35023,12732
35024,29888
35026,17406
35027,21034
35028,27018
35029,14566
35030,26438
35032,18282
35033,344248
35034,12056
35035,8004
35036,29646
35037,16402
35038,12616
35039,22618
35040,51792
35041,8658
35042,3604
35043,8546
35044,6664
35045,7218
35046,8164
36001,8478
36002,20398
36003,17448
36004,6432
36005,145254
36006,66116
36007,30194
36008,22622
36009,14014
36010,16604
36011,5940
36012,30428
36013,34296
36014,2412
36015,69092
36016,3698
36017,7858
36018,5336
36019,35304
36020,10566
36021,12492
36022,48182
36023,373660
36024,1832
36025,4258
36026,6572
36027,32224
36028,20010
36029,4152
36030,36092
36031,4598
36032,3210
36033,7506
36034,12420
36035,1370
36036,13116
36037,21688
36038,7000
36039,12092
36040,81668
36041,18578
36042,17056
36043,4916
36044,31134
36045,25652
36046,51434
36047,9182
37001,24778
37002,19538
37003,14508
37005,11430
37006,781250
37007,6546
37008,37090
37009,26784
37010,3686
37011,73370
37012,6844
37013,3708
37014,2416
37015,6742
37016,9068
37017,13172
37019,37244
37020,41934
37021,31372
37022,10896
37024,27568
37025,13258
37026,3910
37027,9798
37028,11064
37030,24738
37031,7784
37032,140000
37033,4366
37034,8762
37035,18214
37036,13662
37037,33670
37038,17794
37039,31354
37040,7408
37041,12426
37042,21590
37044,12772
37045,9478
37046,27856
37047,35250
37048,14326
37050,16942
37051,8348
37052,18070
37053,56508
37054,65584
37055,25328
37056,14946
37057,29906
37059,15472
37060,38190
37061,62996
37062,13898
38001,42730
38003,28130
38004,70898
38005,23082
38006,44210
38007,32142
38008,264390
38010,5506
38011,9570
38012,4600
38014,13266
38017,11698
38018,19768
38019,23180
38022,15240
38023,7358
38025,7284
38027,17268
38028,19900
38029,15540
38030,13920
39001,23616
39002,33374
39003,4832
39004,14716
39005,4984
39006,19198
39007,57578
39008,19418
39009,14750
39010,117906
39011,16300
39012,64574
39013,21040
39014,316116
39015,11386
39016,24598
39017,5870
39018,9012
40001,11520
40003,22010
40004,5804
40005,12692
40007,194380
40008,51942
40009,7438
40011,3150
40012,236000
40013,26520
40014,4892
40015,21438
40016,18404
40018,14390
40019,20026
40020,13782
40022,8870
40028,3452
40031,1468
40032,12488
40033,1446
40036,3630
40037,6766
40041,24124
40043,8160
40044,6744
40045,35896
40046,6362
40049,2304
40050,3568
41001,8584
41002,3574
41005,1484
41006,1104
41007,16732
41008,4256
41009,3298
41010,15966
41013,121456
41014,16814
41015,18572
41016,1826
41017,576
41018,2460
41019,11430
41020,9794
41021,1110
41022,2992
41023,3960
41025,2642
41026,2036
41027,4152
41028,7450
41029,28680
41030,5480
41031,1306
41032,3258
41033,2138
41034,5134
41035,2224
41036,13860
41038,5594
41041,1318
41043,12024
41044,190406
41045,5568
41047,4176
41048,1248
41049,3756
41051,9198
41054,6508
41057,8012
41058,2976
41060,2736
41061,1920
41064,1718
41065,15800
41066,13854
41067,28212
41068,30058
41069,24672
41070,10392
41071,9780
42001,9582
42002,200564
42003,8650
42004,2606
42005,4292
42006,14348
42007,5094
42008,10084
42010,37316
42011,3184
42012,7028
42013,7088
42014,29340
42015,9778
42016,8970
42017,60334
42018,51824
42019,18444
42020,3398
42021,79990
42022,25826
42023,12382
42024,2032
42025,6652
42026,3772
42027,19804
42029,6136
42030,13650
42031,3652
42032,7560
42033,4078
42034,70310
42035,13088
42036,6356
42037,1320
42038,9214
42040,3896
42041,4000
42042,1846
42043,8218
42044,13982
42045,89318
42046,7440
42047,5342
42048,8202
42049,4384
42050,15126
43002,4252
43003,8242
43004,3704
43005,286
43006,3428
43007,13352
43008,1034
43009,8906
43010,496
43011,916
43012,19924
43013,85048
43014,2438
43015,30308
43016,3860
43017,1288
43019,2626
43020,1190
43021,1524
43022,4526
43023,82326
43024,19042
43025,8970
43026,13936
43027,222
43028,14706
43029,6802
43030,6944
43031,15408
43032,1432
43033,20052
43034,1730
43035,1994
43036,3762
43038,2714
43039,2074
43040,458
43041,12834
43042,24940
43043,31986
43044,42268
43045,1680
43046,6452
43047,24512
43048,2706
43049,6240
43050,872
43051,1832
43052,2100
43053,37716
43054,18408
43055,5034
43056,780
43057,2064
43058,1948
44001,5270
44002,7402
44005,3444
44006,2118
44007,95110
44010,2010
44011,17070
44012,5364
44013,4610
44014,7322
44015,6040
44016,1800
44017,10816
44020,18164
44021,2456
44023,32248
44027,4592
44029,3286
44031,9126
44032,3962
44034,1012
44036,4002
44038,926
44044,1116
44045,25762
44054,9786
44056,342
44063,8284
44064,3920
44065,1686
44066,95066
44071,14672
44073,3942
45001,21914
45002,3576
45003,124292
45004,1988
45005,1380
45006,4486
45007,14956
45008,9500
45009,9740
45010,137028
45011,20630
45012,4666
45013,4288
45014,14198
45015,3868
45016,9350
45017,2008
46001,31462
46002,11730
46003,19544
46004,13806
46005,64226
46006,4212
46007,93548
46008,1066
46009,11652
46010,3510
46011,10380
46013,14226
46014,1142
46015,7236
46017,180110
46018,44514
46019,3836
46020,2076
46021,8744
46022,6742
46023,4450
46024,47084
46025,4940
46026,17822
46027,2768
46028,25542
46030,5992
46031,1754
46033,123978
46034,3080
46035,2536
46036,1598
46037,2050
47002,36414
47003,17800
47005,14872
47006,12634
47007,6310
47008,15750
47009,42124
47010,21588
47011,41990
47012,39148
47013,18466
47014,181354
47016,17704
47017,53454
47018,3070
47020,23378
47021,11268
47022,9014
47023,4066
47024,15714
48001,51200
48002,22006
48004,36480
48005,36222
48006,94686
48008,15742
48010,35154
48011,21770
48012,31736
48013,11044
48014,97668
48015,28004
48017,744076
48018,9034
48019,46118
48020,9580
48021,27286
48022,29220
48024,39964
48025,3730
48026,6028
48027,7110
48028,28682
48030,26864
48031,2254
48032,15380
48033,41202
48035,33250
48036,17188
48037,14532
48038,33756
48039,2188
48041,101572
48043,98316
48044,38036
48046,10462
48049,16300
48050,29382
48052,46868
48053,24412
48054,24094
49001,6478
49002,25578
49003,9634
49004,8206
49005,784
49006,17908
49007,56298
49008,33194
49009,314048
49010,4254
49011,3904
49012,66696
49013,7416
49014,24024
49017,61344
49018,13374
49019,930
49020,6088
49021,6860
50001,17076
50002,11196
50003,12644
50004,25490
50005,12798
50006,2146
50008,90896
50009,26928
50010,3848
50011,4332
50012,2660
50014,7258
50015,2432
50016,2606
50019,3320
50020,4266
50021,1534
50022,22386
50023,1228
50024,9130
50025,9480
50026,182786
50027,11204
50028,31228
50029,59294
50030,3202
50031,62464
50032,55994
50033,29192
50034,3238
50035,26644
50036,8996
50037,24068
50038,17294
50039,19960
50040,24574
50041,10828
51001,10940
51002,198516
51003,2060
51004,24026
51005,20002
51006,10680
51007,2798
51008,6050
51010,5206
51011,4250
51012,26366
51013,19076
51014,1814
51015,3862
51016,17864
51017,43590
51018,18930
51020,11720
51021,6944
51022,6828
51023,1064
51024,3436
51025,17452
51026,48818
51027,1736
51030,6120
51031,12188
51033,33694
51034,31462
51035,2512
51037,12788
51038,1998
51039,24518
51040,19872
51041,11160
51042,13192
52001,12482
52002,14076
52003,6174
52004,7606
52005,5614
52006,18116
52007,4520
52008,5126
52009,14050
52010,3690
52011,16628
52012,43666
52013,5270
52015,27382
52016,20094
52017,18134
52018,3050
52019,4786
52020,8128
52021,4116
52022,57918
52023,3036
52024,2146
52025,1828
52026,10664
52027,3150
52028,15434
52030,5278
52031,9250
52032,107844
52033,24910
52034,20026
52035,14306
52036,2438
52037,11540
53001,8566
53002,4730
53003,7988
53004,9654
53005,2794
53006,14412
53007,4914
53008,6218
53009,41812
53010,16962
53011,164756
53012,2806
53013,6806
53014,14456
53015,16594
53016,24744
53017,2326
53018,29366
53019,7464
53020,1902
53021,17784
53022,5070
53023,8696
53024,7808
53025,1980
53026,6360
53027,2596
53028,2006
54001,56782
54002,43428
54003,8644
54004,9838
54005,4784
54006,8610
54007,6136
54008,6312
54009,30764
54010,2024
54011,6926
54012,15378
54013,78384
54014,6776
54015,42938
54016,2286
54017,19174
54018,113878
54019,5476
54020,3680
54021,7626
54022,11654
54023,29460
54024,62648
54025,1200
54026,29612
54027,37006
54028,7394
54029,3008
54030,11010
54031,1160
54032,2288
54033,3228
54034,11294
54035,9528
54036,1936
54037,11018
54038,11358
54039,333938
54040,7062
54041,4098
54042,192
54043,1428
54044,22208
54045,1092
54046,2694
54047,928
54048,2064
54049,4642
54050,16928
54051,75534
54052,32592
54053,13310
54054,16698
54055,7620
54056,33196
54057,6572
54058,714
54059,2650
55001,9222
55002,3444
55003,2856
55004,23704
55005,5406
55006,4024
55007,5366
55008,3530
55009,4198
55010,5650
55011,5466
55012,3678
55013,3244
55014,3748
55015,3548
55016,2866
55017,9872
55018,3194
55019,2596
55020,2314
55021,2760
55022,37774
55023,40580
55024,3614
55025,978
55026,2152
55027,446
55028,3820
55029,9822
55030,4394
55031,9532
55032,221060
55033,4906
56001,10794
56002,1674
56003,7112
56004,2060
56005,9458
56006,2566
56007,6254
56008,7730
56009,3486
56010,1814
56011,6064
56012,10472
56013,3380
56014,13208
56015,10638
56016,3874
56017,5114
56018,4610
56019,2616
56020,2220
56021,31982
56022,3102
56023,7344
56024,16516
56025,4178
56026,2872
56027,5456
56028,2588
56029,4436
56030,5062
56031,4470
56032,1596
56033,1792
56034,6724
56035,17914
56036,26374
56037,3880
56038,9564
56039,19014
56040,1954
56041,7668
56042,18898
56043,3944
56044,1078
56045,17206
56046,2528
56047,4144
56048,16212
56049,13182
56050,32820
56051,612
56052,16914
56053,5622
56054,5032
56055,7940
56056,4440
56057,27860
56058,8866
56059,134768
56060,10588
57001,1170
57002,4762
57003,4876
57004,432
57005,1278
57006,1206
57007,8748
57008,1894
57009,5152
57010,3304
57011,1434
57012,2426
57013,540
57014,2104
57015,2406
57016,13198
57017,852
57018,796
57019,716
57020,280
57021,3038
57022,956
57023,546
57024,1136
57025,7772
57026,1060
57027,27912
57028,2518
57029,6392
57030,1446
57031,3102
57032,726
57033,4436
57034,1110
57035,7268
57036,138
57037,236
57038,966
57039,774
57040,1738
57041,2402
57042,558
57043,1316
57044,8320
57045,704
57046,402
57047,796
57048,314
57049,3952
57050,2194
57051,3946
57052,2536
57053,12638
57054,5622
57055,5074
57056,1034
57057,1222
57058,628
57059,93500
57060,2374
57061,1086
57062,1558
57063,1036
57064,6250
57065,2162
57066,4634
57067,2826
57068,2126
57069,2696
57070,2446
57071,468
57072,456
57073,344
58001,2926
58002,3476
58003,81758
58004,7828
58005,38998
58006,1696
58007,115902
58008,2572
58009,37236
58010,2908
58011,28066
58012,5600
58013,37794
58014,840
58015,22960
58016,8396
58017,700
58018,21916
58019,644
58020,8556
58021,1356
58022,17738
58023,14526
58024,17422
58025,1706
58026,21968
58027,2162
58028,900
58029,76498
58030,2556
58031,1172
58032,105612
58033,4126
58034,42528
58035,8584
58036,31982
58037,868
58038,27010
58039,45772
58040,12936
58041,3844
58042,11610
58043,47510
58044,2412
58045,1404
58046,41352
58047,180914
58048,698
58049,12996
58050,26506
58051,1792
58052,3006
58053,1822
58054,15628
58055,1564
58056,14360
58057,91844
58058,6214
58059,46612
58060,24254
58061,2484
58062,4238
58063,10424
58064,17332
58065,83916
58066,4068
58067,5048
58068,17338
58069,2710
58070,3860
58071,3842
58072,100306
58073,13308
58074,44902
58075,26112
58076,430
58077,1472
58078,4642
58079,128834
58080,2286
58081,21198
58082,20798
58083,1484
58084,376
58085,708
58086,34682
58087,516
58088,24516
58089,1898
58090,1348
58091,5674664
58092,2630
58093,15516
58094,1748
58095,2980
58096,5650
58097,37894
58098,9966
58099,7300
58100,6530
58101,344
58102,18384
58103,17600
58104,113500
58105,9846
58106,2140
58107,11770
58108,516
58109,574
58110,32252
58111,107054
58112,7604
58113,326
58114,36742
58115,27006
58116,83596
58117,101906
58118,78236
58119,32184
58120,163436
58122,67042
59001,149922
59002,2954
59003,1194
59004,8650
59005,74266
59006,21480
59007,79286
59008,76052
59009,40416
59010,21344
59011,258266
59012,8322
59013,6120
59014,40580
59015,12608
59016,7646
59017,29788
59018,6792
59019,28170
59020,2396
59021,8670
59022,2230
59023,2238
59024,40260
59025,20610
59026,13732
59027,20104
59028,49576
59029,15006
59030,6472
59031,5828
59032,90836
59033,1496
60001,548
60002,3764
60003,56870
60004,5172
60005,8576
60006,42304
60007,10326
60008,11194
60009,4574
60010,14028
60011,8528
60012,5120
60013,1400
60014,17196
60015,5494
60016,3320
60017,1062
60018,5162
60019,72566
60020,6664
60021,1740
60022,7822
60023,9280
60024,46204
60025,17512
60026,16214
60027,3736
60028,1842
60029,1324
60030,3156
60031,7682
60032,1086
60033,41728
60034,1020
60035,21206
60036,5626
60037,2586
60038,91248
60039,4096
60040,2498
60041,4824
60042,3076
60043,22374
60044,24960
60045,6486
60046,16292
60047,2674
60048,6250
60049,2984
60050,2292
60051,5548
60052,12928
60053,9060
60054,5008
60055,8118
60056,25508
60057,2184
60058,10446
60059,1874
60060,14652
60061,630
60062,3970
60063,6184
60064,6442
60065,1862
60066,2786
60067,3744
60068,11842
60069,2554
60070,5098
60071,6030
60072,1440
60073,5026
60074,51540
60075,4742
60076,9656
60077,658
60078,2734
60079,9652
60080,3596
60081,3276
60082,5046
60083,1816
60084,2960
60085,40790
60086,1492
60087,4318
60088,2424
60089,5148
60090,3398
60091,616
61001,2666
61002,15110
61003,9428
61004,10762
61005,103850
61006,4178
61007,12212
61008,3666
61009,10700
61010,11222
61011,3978
61012,11388
61013,20464
61014,3078
61015,36282
61016,14166
61017,15122
61018,27004
61019,43226
61020,19512
61021,17074
61022,148900
61023,3014
61024,2242
61025,2850
61026,7476
61027,53470
61028,9974
61029,18656
61030,778
61031,2386
61032,13902
61033,4162
61034,1570
61035,2870
61036,9442
61037,18418
61038,1080
61039,4118
61040,1320
61041,6938
61042,14000
61043,25298
61044,1332
61045,2208
61046,31780
61047,20512
61048,76438
61049,78846
61050,4254
61051,6148
61052,59616
61053,54838
61054,23886
61055,6030
61056,4512
61057,21378
61058,9208
61059,5824
61060,11660
61061,3252
61062,15656
61063,2872
61064,2982
61065,3578
61066,2530
61067,15640
61068,4660
61069,6176
61070,6680
61071,1686
61072,910
61073,3458
61074,27398
61075,34490
61076,1824
61077,29034
61078,45268
61079,1766
61080,3918
61081,24586
61082,28370
61083,65604
61084,5194
61085,11574
61086,4386
61087,29986
61088,42072
61089,14664
61090,17362
61091,23904
61092,29274
61093,1678
61094,40402
61095,13086
61096,1608
61097,5394
61098,14718
61099,24732
61100,15268
61101,6984
61102,16096
61103,13936
61104,13264
62001,16408
62002,5404
62003,11074
62004,5176
62005,4000
62006,1476
62007,4446
62008,117588
62009,2762
62010,4176
62011,3266
62012,5192
62013,1998
62014,3206
62015,2578
62016,1726
62017,2814
62018,2344
62019,5288
62020,2188
62021,3962
62022,6570
62023,7494
62024,4526
62025,4642
62026,7918
62027,5502
62028,4346
62029,7090
62030,6480
62031,2792
62032,2438
62033,1998
62034,3544
62035,4412
62036,878
62037,9614
62038,8280
62039,3574
62040,8258
62041,3074
62042,2796
62043,26780
62044,9504
62045,7652
62046,4734
62047,4212
62048,4144
62049,3326
62050,3844
62051,1032
62052,6016
62053,5024
62054,4164
62055,2720
62056,2306
62057,9146
62058,19984
62059,5846
62060,6042
62061,4376
62062,4072
62063,1472
62064,6340
62065,2408
62066,1740
62067,7300
62068,7970
62069,1738
62070,21698
62071,8620
62072,1282
62073,7358
62074,15562
62075,2928
62076,6750
62077,5730
62078,1042
63001,119050
63002,128708
63003,15486
63004,14084
63005,67602
63006,52224
63007,20124
63008,54456
63009,20258
63010,32384
63011,74908
63012,24472
63013,10452
63014,14264
63015,4996
63016,44644
63017,97394
63018,6426
63019,16106
63020,27846
63021,37264
63022,7582
63023,152410
63024,130600
63025,15914
63026,35312
63027,25562
63028,14294
63029,3488
63030,24334
63031,36056
63032,59048
63033,32112
63034,250116
63035,57642
63036,35554
63037,40490
63038,9538
63039,12384
63040,3126
63041,119152
63042,15912
63043,59488
63044,28616
63045,75380
63046,15906
63047,25130
63048,70466
63049,1925178
63050,68900
63051,47338
63052,32510
63053,25766
63054,12008
63055,44386
63056,26728
63057,80636
63058,49962
63059,107448
63060,160148
63061,20828
63062,51412
63063,82360
63064,104546
63065,13776
63066,24346
63067,89128
63068,62682
63069,6766
63070,17910
63071,17824
63072,54328
63073,67382
63074,39308
63075,12994
63076,32676
63077,12258
63078,6220
63079,69804
63080,32366
63081,17562
63082,35648
63083,83574
63084,167974
63085,7148
63086,41496
63087,62436
63088,8724
63089,50662
63090,23668
63091,17752
63092,10484
64001,8068
64002,8246
64003,3530
64004,3160
64005,43990
64006,21578
64007,15376
64008,107280
64009,6222
64010,9232
64011,7438
64012,4640
64013,594
64014,4628
64015,8906
64016,2210
64017,6740
64018,4680
64019,2714
64020,3386
64021,1836
64022,2192
64023,3848
64024,3128
64025,18600
64026,5262
64027,918
64028,4356
64029,6026
64030,2602
64031,3724
64032,5712
64033,5936
64034,10536
64035,7082
64036,6836
64037,1254
64038,15842
64039,3786
64040,3198
64041,4340
64042,2982
64043,6858
64044,12260
64045,2254
64046,6294
64047,3342
64048,3748
64049,24236
64050,14794
64051,746
64052,7004
64053,6470
64054,23368
64055,4332
64056,2520
64057,15126
64058,5482
64059,10350
64060,1480
64063,2376
64064,3268
64065,10338
64066,8136
64067,4300
64068,3522
64069,1292
64070,4544
64071,578
64072,4334
64073,2946
64074,5822
64075,7470
64076,3762
64077,3812
64078,4682
64079,1636
64080,7170
64081,1482
64082,2274
64083,9768
64084,4976
64085,1520
64086,3116
64087,3134
64088,2772
64089,2762
64090,1496
64091,1480
64092,8160
64093,2514
64095,4216
64096,2174
64097,2252
64098,1540
64099,14020
64100,5682
64101,24776
64102,1142
64103,7526
64104,6022
64105,3050
64106,3026
64107,4554
64108,2918
64109,4044
64110,2502
64111,966
64112,1816
64113,1662
64114,5240
64115,2558
64116,4916
64117,1860
64118,3106
64119,6250
64120,2074
64121,39240
65001,5226
65002,43966
65003,12822
65004,1978
65005,14122
65006,10008
65007,68680
65008,2846
65009,11898
65010,4834
65011,1674
65012,4434
65013,34468
65014,101560
65015,1492
65016,10962
65017,9556
65018,5018
65019,5302
65020,2912
65021,14408
65022,34218
65023,736
65024,2018
65025,45980
65026,2286
65027,2692
65028,10936
65029,3788
65030,3128
65031,17912
65032,5680
65033,1204
65034,27390
65035,4626
65036,2650
65037,105128
65038,3608
65039,10174
65040,4602
65041,4122
65042,2416
65043,7042
65044,1350
65045,1612
65046,6624
65047,5050
65048,1056
65049,1110
65050,78884
65051,2426
65052,27756
65053,1494
65054,2252
65055,10086
65056,23670
65057,2380
65058,2612
65059,2002
65060,2382
65061,2752
65062,1490
65063,2756
65064,2066
65065,1288
65066,11028
65067,44380
65068,5358
65069,3748
65070,3824
65071,5262
65072,22172
65073,25050
65074,1072
65075,3014
65076,12878
65077,1246
65078,90890
65079,48528
65080,4642
65081,4540
65082,13406
65083,7404
65084,3292
65085,2044
65086,1288
65087,10616
65088,70808
65089,7808
65090,22236
65091,3534
65092,1752
65093,1340
65094,2166
65095,2462
65096,5110
65097,10528
65098,4568
65099,52780
65100,7708
65101,4096
65102,4040
65103,2126
65104,4938
65105,2204
65106,14072
65107,3256
65108,17846
65109,2916
65110,754
65111,1358
65112,1582
65113,908
65114,24232
65115,3858
65116,265404
65117,1016
65118,13202
65119,7438
65120,8178
65121,5404
65122,21066
65123,1736
65124,1098
65125,3378
65126,3360
65127,6486
65128,1092
65129,5542
65130,17704
65131,828
65132,22032
65133,4954
65134,13228
65135,62524
65136,9736
65137,99994
65138,3044
65139,584
65140,7754
65141,2488
65142,19354
65143,6536
65144,1378
65145,1604
65146,15232
65147,3700
65148,2466
65149,4124
65150,996
65151,8262
65152,3200
65153,450
65154,16580
65155,3234
65156,6536
65157,15124
65158,27244
66001,624
66002,2938
66003,1834
66004,650
66005,2240
66006,84552
66007,6758
66008,1276
66009,3424
66010,1426
66011,418
66012,2154
66013,2520
66014,272
66015,1558
66016,974
66017,1934
66018,480
66019,1748
66020,10076
66021,1274
66022,418
66023,1108
66024,172
66025,10490
66026,888
66027,606
66028,13414
66029,2146
66030,254
66031,1740
66032,21528
66033,3142
66034,1932
66035,566
66036,6288
66037,424
66038,1742
66039,2296
66040,434
66041,2024
66042,760
66043,620
66044,1408
66045,502
66046,3484
66047,1052
66048,4118
66049,139420
66050,3174
66051,12204
66052,1820
66053,7202
66054,2818
66055,740
66056,4658
66057,2776
66058,1062
66059,2252
66060,890
66061,786
66062,2544
66063,902
66064,3556
66065,2392
66066,2258
66067,1312
66068,4252
66069,7898
66070,2268
66071,2822
66072,8688
66073,2126
66074,926
66075,14850
66076,1838
66077,5414
66078,1346
66079,1268
66080,1716
66081,960
66082,2868
66083,360
66084,3208
66085,7700
66086,190
66087,3862
66088,1338
66089,2290
66090,760
66091,230
66092,4430
66093,3524
66094,1088
66095,7624
66096,5562
66097,662
66098,46652
66099,13214
66100,570
66101,6048
66102,12144
66103,1058
66104,186
66105,924
66106,1740
66107,1234
66108,1692
67001,25462
67002,3710
67003,1596
67004,20964
67005,4724
67006,13920
67007,3596
67008,13884
67009,3662
67010,914
67011,15230
67012,2050
67013,4370
67014,2870
67015,4800
67016,3152
67017,9574
67018,4320
67019,7320
67020,4604
67021,10300
67022,1212
67023,2338
67024,544
67025,47622
67026,9242
67027,1966
67028,15726
67029,7206
67030,18478
67031,10798
67032,13270
67033,3416
67034,480
67035,29846
67036,994
67037,52180
67038,19744
67039,10542
67040,31298
67041,107638
67042,3104
67043,5144
67044,24008
67045,2578
67046,1806
67047,32622
68001,730
68002,6916
68003,2132
68004,536
68005,4810
68006,8064
68007,3780
68008,1194
68009,1532
68010,2560
68011,21996
68012,30014
68013,2434
68014,3404
68015,12122
68016,450
68017,2828
68018,3346
68019,2836
68020,5634
68021,14596
68022,13772
68023,1880
68024,108724
68025,6292
68026,3626
68027,24008
68028,239600
68029,972
68030,17154
68031,2654
68032,934
68033,9760
68034,1874
68035,7996
68036,564
68037,514
68038,3808
68039,7198
68040,1078
68041,38452
68042,4976
68043,5988
68044,1622
68045,766
68046,1230
69001,6238
69002,4194
69003,2216
69004,2232
69005,21134
69006,1512
69007,644
69008,10146
69009,162
69010,2612
69011,1098
69012,1262
69013,2468
69014,1734
69015,11944
69016,6102
69017,10932
69018,8742
69019,688
69020,3254
69021,1692
69022,100570
69023,620
69024,1614
69025,342
69026,898
69027,5538
69028,9666
69029,652
69030,3954
69031,2648
69032,1766
69033,12604
69034,582
69035,52220
69036,1854
69037,3370
69038,1740
69039,588
69040,2622
69041,5284
69042,2396
69043,17640
69044,840
69045,2268
69046,69710
69047,1312
69048,658
69049,1356
69050,9552
69051,1814
69052,236
69053,164
69054,1280
69055,4856
69056,4916
69057,7492
69058,45574
69059,8416
69060,2584
69061,1686
69062,1952
69063,438
69064,890
69065,3128
69066,2012
69067,1670
69068,4262
69069,1742
69070,1494
69071,2516
69072,8120
69073,3270
69074,4602
69075,2286
69076,2458
69077,188
69078,436
69079,1822
69080,298
69081,28660
69082,1794
69083,39936
69084,4148
69085,4714
69086,10640
69087,6254
69088,1464
69089,704
69090,8062
69091,6012
69092,3452
69093,1552
69094,8444
69095,2504
69096,3378
69097,752
69098,3218
69099,82812
69100,1832
69101,4520
69102,2552
69103,262
69104,240
70001,1210
70002,5164
70003,15658
70004,2582
70005,2378
70006,98056
70007,1246
70008,4882
70009,1652
70010,15674
70011,3976
70012,1018
70013,528
70014,1022
70015,2768
70016,1794
70017,7350
70018,1246
70019,682
70020,1536
70021,3558
70022,786
70023,6520
70024,2482
70025,2684
70026,1534
70027,1960
70028,1468
70029,10260
70030,3462
70031,13212
70032,1436
70033,1260
70034,902
70035,1030
70036,2304
70037,2142
70038,4246
70039,316
70040,976
70041,2070
70042,2548
70043,2912
70044,664
70045,654
70046,12624
70047,784
70048,1128
70049,3312
70050,3296
70051,7448
70052,2200
70053,2562
70054,440
70055,4812
70056,210
70057,10136
70058,958
70059,6120
70060,1316
70061,2330
70062,1282
70063,298
70064,1184
70065,2770
70066,1062
70067,1900
70068,2062
70069,9388
70070,1638
70071,942
70072,8398
70073,680
70074,3358
70075,3666
70076,2438
70077,1280
70078,66820
70079,1454
70080,2656
70081,9140
70082,1664
70083,5156
70084,6638
71001,4554
71002,1804
71003,2370
71004,26070
71005,12204
71006,5392
71007,6276
71008,13988
71009,5464
71010,13146
71011,1832
71012,8016
71013,2868
71014,3526
71015,4194
71016,2506
71017,2718
71018,2970
71019,328
71020,116900
71021,3236
71022,7342
71023,1228
71024,299808
71025,8746
71026,916
71027,12604
71028,65012
71029,111834
71031,12342
71032,1954
71033,23938
71034,1364
71035,5208
71036,34666
71037,1480
71038,8862
71039,5224
71040,5218
71041,3916
71042,3534
71043,7142
71044,2108
71046,54022
71047,26474
71048,1850
71049,29556
71050,11370
71051,103636
71052,3772
71053,7612
71054,11442
71055,10504
71056,34024
71058,13970
71059,15176
71060,27718
71061,794
71062,3312
71063,5738
71064,6842
72001,40892
72002,33730
72003,21242
72004,141126
72006,644632
72008,4428
72010,23846
72011,108886
72012,22592
72014,31148
72015,39708
72016,29762
72017,39124
72018,11588
72019,52244
72020,96038
72021,54836
72022,39774
72023,87156
72024,25010
72025,28378
72027,75334
72028,50280
72029,118088
72030,97638
72031,37706
72032,52506
72033,42430
72034,2704
72035,35722
72036,53016
72037,37168
72038,50180
72039,12442
72040,19612
72041,52492
72043,53092
72044,16468
72046,53986
72047,25988
72048,35500
73001,13010
73002,13560
73003,33442
73004,26806
73005,6940
73006,10268
73007,44452
73008,63270
73009,30134
73010,16186
73011,19578
73012,61790
73013,96538
73014,10522
73015,65284
73016,10998
73017,7472
73018,4680
73019,31504
73020,15554
73021,31908
73022,22764
73023,3612
73024,29578
73025,18174
73026,31628
73027,390454
73028,8380
73029,27058
74001,171762
74002,34426
74003,39002
74004,12784
74005,22940
74006,16950
74007,79132
74008,71870
74009,28146
74010,52930
74011,29900
74012,62166
74013,12752
74014,12558
74015,19310
74016,26788
74017,37762
74018,10636
74019,20736
74020,18362
75002,12562
75003,11218
75004,13228
75005,9452
75006,18304
75007,8012
75008,3630
75009,5388
75010,13814
75011,20318
75012,3350
75013,4790
75014,23884
75015,7452
75016,39604
75017,5642
75018,7658
75019,10470
75020,25530
75021,11638
75022,47306
75023,11438
75024,10654
75025,8074
75026,17732
75027,5806
75028,10150
75029,52916
75030,30652
75031,40364
75032,2310
75033,3896
75034,11140
75035,193068
75036,17408
75037,27912
75038,24002
75039,28080
75040,17906
75041,3260
75042,22558
75043,20002
75044,13988
75045,4416
75046,6852
75047,7118
75048,27558
75049,5292
75050,6356
75051,9780
75052,62552
75053,10224
75054,4430
75055,15546
75056,4634
75057,11702
75058,2866
75059,17712
75060,3310
75061,11872
75063,21772
75064,19250
75065,16204
75066,9110
75067,2954
75068,16118
75069,11218
75070,11566
75071,7016
75072,5966
75073,13712
75074,3716
75075,7968
75076,10682
75077,9444
75078,7160
75079,27796
75080,4436
75081,8592
75082,3184
75083,29888
75084,23316
75085,23610
75086,5730
75087,28630
75088,34680
75089,10394
75090,24720
75091,8722
75092,27394
75093,13932
75094,3808
75095,3986
75096,4688
75097,12586
75098,19510
76001,2758
76002,4536
76003,2762
76004,3194
76005,1160
76006,7624
76007,22162
76008,3588
76009,2568
76010,5160
76011,5492
76012,9832
76013,7934
76014,1708
76015,3702
76016,730
76017,1508
76018,2430
76019,1134
76020,456
76021,1752
76022,3986
76023,1498
76024,1512
76025,2542
76026,1932
76027,1178
76028,3736
76029,4922
76030,2658
76031,1154
76032,5674
76033,3918
76034,8264
76035,1684
76036,11132
76037,3308
76038,1074
76039,10620
76040,8576
76041,3362
76042,24786
76043,26742
76044,9990
76045,8096
76046,11166
76047,3140
76048,35184
76049,1078
76050,7542
76051,3020
76052,2320
76053,10400
76054,2848
76055,1574
76056,7370
76057,9380
76058,3574
76059,11516
76060,7984
76061,1916
76062,13774
76063,132918
76064,8578
76065,1826
76066,25880
76067,3302
76068,5348
76069,2826
76070,6778
76071,6930
76072,2070
76073,2528
76074,1932
76075,1286
76076,5570
76077,1410
76078,2924
76079,2752
76080,12412
76081,2846
76082,1590
76083,4582
76084,2130
76085,13726
76086,2802
76087,1136
76088,2232
76089,14566
76090,6280
76091,5984
76092,4444
76093,1234
76094,3884
76095,22956
76096,5546
76097,5734
76098,6714
76099,1448
76100,6448
77001,3436
77002,1814
77003,24230
77004,1370
77005,620
77006,2262
77007,1336
77008,16616
77009,2050
77010,1822
77011,9956
77012,4298
77013,9264
77014,120822
77015,4894
77016,13976
77017,19232
77018,13446
77019,762
77020,34864
77021,35776
77022,8002
77023,5082
77024,5306
77025,2224
77026,2810
77027,7828
77028,10026
77029,9802
77030,2846
77031,15224
78001,2128
78002,3606
78003,39898
78004,3214
78005,1534
78006,2486
78007,768
78008,1368
78009,8640
78010,28150
78011,5708
78012,5380
78013,3832
78014,1828
78015,18532
78016,2514
78017,20294
78018,2362
78019,5466
78020,4290
78021,2676
78022,2344
78023,3258
78024,1360
78025,15914
78026,6560
78027,452
78029,35522
78030,5748
78031,19220
78032,504
78033,43238
78034,5540
78035,966
78036,4674
78037,6094
78038,1620
78039,2630
78040,19700
78041,1744
78042,2470
78043,2364
78045,132914
78046,2064
78047,19926
78048,10476
78049,8638
78050,1870
78051,7390
78052,2768
78053,2304
78054,3946
78055,5778
78056,5740
78057,3958
78058,16336
78059,3236
78060,4454
78061,3604
78062,4916
78063,3656
78064,1582
78065,1818
78066,7862
78067,4604
78068,5750
78069,4728
78070,18190
78071,2396
78072,1506
78073,3502
78074,5430
78075,3808
78076,6872
78077,6258
78078,1934
78079,18902
78080,3060
78081,40908
78082,3412
78083,8524
78084,5596
78085,2302
78086,708
78087,3986
78088,2396
78089,2062
78090,632
78091,31010
78092,1330
78093,4216
78094,2766
78096,1614
78097,2822
78098,2430
78099,2132
78100,1366
78101,13268
78102,72500
78103,6624
78104,14254
78105,11274
78106,8708
78107,3832
78109,2120
78110,6286
78111,2038
78112,2928
78113,1202
78114,6564
78115,2470
78116,5202
78117,2538
78118,2728
78119,33342
78120,1148
78121,6408
78122,12446
78123,14824
78124,1970
78125,3946
78126,1012
78127,7146
78128,4196
78129,2384
78130,2400
78131,3572
78132,10048
78133,4814
78134,3382
78135,4230
78136,7230
78137,1790
78138,22726
78139,2354
78140,1022
78142,13838
78143,8798
78145,3896
78146,9844
78147,1350
78148,9086
78149,12226
78150,17816
78152,2172
78153,5638
78154,11000
78155,5332
78156,19672
78157,154192
79002,1740
79003,3546
79004,1592
79005,1380
79007,964
79008,5824
79009,2542
79011,14946
79012,10380
79017,3586
79018,3950
79020,2934
79023,176626
79024,1036
79025,756
79027,2304
79029,10724
79030,1818
79033,2704
79034,3952
79036,9580
79039,13352
79042,11012
79043,6078
79047,7814
79048,4028
79052,1162
79055,894
79056,4072
79058,6334
79059,11542
79060,10480
79061,8820
79063,3108
79065,1192
79068,2334
79069,9286
79071,812
79072,4426
79073,1714
79074,2032
79077,1450
79080,3502
79081,11204
79083,1622
79087,9520
79088,1034
79089,2314
79092,3936
79094,2108
79095,5076
79096,5216
79099,4038
79108,1438
79110,2992
79114,8022
79115,3170
79116,2790
79117,4198
79118,3618
79122,3378
79123,6880
79126,1024
79127,15396
79129,6078
79130,8872
79131,6274
79133,9416
79134,1584
79137,17962
79138,5942
79139,3016
79142,7258
79143,4776
79146,5124
79147,7492
79148,1944
79151,3236
79157,3052
79160,140374
80001,5798
80002,996
80003,4204
80004,2496
80005,10056
80006,1954
80007,19766
80008,5030
80009,8302
80010,2514
80011,820
80012,17812
80013,8410
80014,6920
80015,2208
80016,1640
80017,1490
80018,9042
80019,842
80020,1372
80021,966
80022,2928
80023,4406
80024,1454
80025,14182
80026,1102
80027,12884
80028,20192
80029,9820
80030,1664
80031,6464
80032,3192
80033,1532
80034,1780
80035,3144
80036,5002
80037,3440
80038,40006
80039,14090
80040,6060
80041,790
80042,9814
80043,24538
80044,5296
80045,12954
80046,2838
80047,1020
80048,1726
80049,9964
80050,21882
80051,4784
80052,7254
80053,11940
80054,11874
80055,10246
80056,4626
80057,37010
80058,1040
80059,2222
80060,7536
80061,20424
80062,2228
80063,357520
80064,4284
80065,15462
80066,808
80067,12772
80068,1944
80069,29956
80070,1526
80071,6046
80072,870
80073,4960
80074,7266
80075,2170
80076,1052
80077,3254
80078,1636
80079,1166
80080,640
80081,7798
80082,2812
80083,2440
80084,1762
80085,9596
80086,5218
80087,1626
80088,36254
80089,3910
80090,424
80091,2636
80092,4998
80093,30560
80094,966
80095,4100
80096,26736
80097,9402
81001,90812
81002,5710
81003,12918
81004,23214
81005,30144
81006,61566
81007,10922
81008,54092
81009,8626
81010,7862
81011,164912
81012,103146
81013,22296
81014,15366
81015,20648
81016,2908
81017,3230
81018,20756
81019,9910
81020,9636
81021,134282
81022,23704
81023,3794
81024,16300
82001,7020
82002,3830
82003,2276
82004,16752
82005,20030
82006,109240
82007,12830
82008,3830
82009,22288
82010,8642
82011,8276
82012,2590
82013,14676
82014,15994
82015,7536
82016,946
82017,15334
82018,2418
82019,6270
82020,23154
82021,78370
82022,16970
82023,23364
82024,6400
82025,5888
82026,1994
82027,28310
82028,10158
82029,5364
82030,7120
82031,24480
82032,7716
82033,3216
82034,21710
82035,26100
82036,12928
82037,3530
82038,4612
82039,3604
82040,2244
82041,1810
82042,2836
82043,14198
82044,7294
82045,13252
82046,12786
82047,5594
82048,58584
82049,77926
82050,12030
82051,6302
82052,3856
82053,1315920
82054,63138
82055,6240
82056,5186
82057,11848
82058,6224
82059,5782
82060,9016
82061,2858
82062,4770
82063,10424
82064,16750
82065,2940
82066,1994
82067,22362
82068,5348
82069,794
82070,51778
82071,25352
82072,8638
82073,20792
82074,6204
82075,2604
82076,6800
82077,3738
82078,5118
82079,39930
82080,6542
82081,1226
82082,1862
83001,3624
83002,1420
83003,4892
83004,1720
83005,82008
83006,1154
83007,11658
83008,5954
83009,26498
83010,8838
83011,6272
83012,1526
83013,2500
83014,5930
83015,2188
83016,4672
83017,4514
83018,966
83019,5458
83020,2752
83021,2664
83022,912
83023,2042
83024,1778
83025,7450
83026,1242
83027,6460
83028,7696
83029,6362
83030,4816
83031,684
83032,18674
83033,13760
83034,2910
83035,3314
83036,3136
83037,1378
83038,5692
83039,3238
83040,1492
83041,25672
83042,2748
83043,1974
83044,1326
83045,1114
83046,2946
83047,4718
83048,459130
83049,61720
83050,2490
83051,1854
83052,9108
83053,1374
83054,5268
83055,1128
83056,2978
83057,4236
83058,1638
83059,1370
83060,7246
83061,7256
83062,2502
83063,4210
83064,12418
83065,2278
83066,26132
83067,2548
83068,7736
83069,1848
83070,1498
83071,374
83072,8146
83073,2112
83074,1194
83075,3972
83076,13074
83077,13814
83078,6932
83079,3728
83080,5412
83081,5446
83082,2438
83083,1788
83084,24418
83085,3016
83086,9086
83087,1750
83088,5824
83089,18842
83090,2626
83091,9150
83092,7640
83093,3464
83094,3916
83095,5202
83096,9654
83097,21688
83098,14716
83099,12090
83100,1636
83101,5436
83102,1938
83103,2596
83104,8016
83105,16734
83106,14732
83107,11154
83108,8980
84001,116546
84002,5434
84003,18390
84004,6876
84005,5172
84006,2540
84007,6840
84008,4024
84009,12096
84010,19232
84011,71060
84012,15476
84013,5572
84014,6982
84015,6644
84016,1792
84017,63502
84018,10932
84019,2302
84020,12988
84021,72226
84022,3504
84023,24524
84024,4968
84025,5752
84026,14692
84027,44524
84028,32600
84029,15886
84030,25100
84031,22216
84032,8970
84033,36984
84034,11360
84035,6176
84036,15632
84037,4534
84038,12514
84039,2482
84040,8674
84041,80136
84042,8626
84043,2742
85001,1836
85002,1052
85003,8822
85004,122662
85005,5708
85006,8212
85007,148150
85008,3474
85009,22890
85010,5776
85011,2924
85012,20524
85013,52548
85014,3724
85015,22220
85016,43718
85017,10078
85018,11584
85019,13344
85020,2598
85021,6662
85022,3052
86001,16034
86002,9348
86003,10032
86004,25160
86005,8618
86006,9272
86007,10544
86008,3832
86009,53316
86010,6920
86011,25716
86012,26434
86013,5916
86014,42878
86015,13262
86016,13986
86017,1424
86018,17904
86019,14848
86020,9292
87001,7084
87002,36620
87003,57712
87004,103752
87005,36326
87006,70422
87007,56144
87008,47336
87009,37404
87010,10384
87011,74710
87012,10348
87013,8896
87014,6164
87015,622804
87016,18694
87017,54834
87018,26290
87019,51480
87020,6010
87021,10398
87022,7394
87023,28858
87024,64084
87025,14124
87026,2082
87027,10502
87028,9154
87029,100342
87030,24482
87031,15102
87032,32596
87033,94372
87034,29644
87035,8156
87036,5958
87037,21530
87038,21182
87039,29008
87040,5164
87041,47382
87042,23456
87043,6272
87044,16392
87045,19086
87046,3120
87047,15162
87048,17094
87049,33402
87050,22362
87051,40522
87052,15884
87053,17696
87054,11918
87055,19042
87056,7994
87057,7524
87058,8094
88001,22972
88002,16168
88003,62214
88004,5724
88005,32668
88006,108178
88007,5772
88008,38702
88009,146818
88010,22060
88011,53674
88012,127480
89001,71396
89002,62290
89003,3778
89004,1990
89005,13802
89006,34922
89007,1502
89008,4800
89009,45114
89010,24698
89011,45958
89012,27170
89013,48308
89014,44624
89015,16962
89016,42244
89017,240810
89018,15770
89019,16828
89020,7734
89021,23374
90001,2876
90002,3664
90003,87486
90004,1222
90005,1520
90006,27630
90007,1072
90008,3568
90009,5388
90010,794
90011,1904
90012,6976
90013,6620
90014,1486
90015,534
90016,1338
90017,7524
90018,1728
90019,974
90020,1756
90021,7956
90022,1234
90023,11734
90024,834
90025,3146
90026,2614
90027,1576
90028,760
90029,3000
90030,1016
90031,1596
90032,970
90033,16758
90034,1762
90035,22102
90036,3720
90037,4972
90038,1124
90039,956
90040,214
90041,4798
90042,3746
90043,1658
90044,1566
90045,2672
90046,5398
90047,122646
90048,8370
90049,6284
90050,5874
90051,11292
90052,20668
90053,1268
90054,8490
90055,5968
90056,4686
90057,8880
90058,44316
90059,5040
90060,1440
90061,1046
90062,2386
90063,10616
90064,252436
90065,2592
90066,284
90067,14270
90068,1676
90069,29584
90070,27596
90071,5732
90072,4774
90073,1876
90074,4466
90075,2998
90076,5842
90077,8612
90078,4444
90079,8646
90080,4592
90081,3714
90082,3326
90083,4936
90084,7246
90085,2984
90086,1218
90087,2736
90088,1450
90089,3162
90090,4214
90091,10598
90092,10052
91001,2532
91002,4644
91003,2162
91004,1556
91005,7946
91006,7128
91007,1154
91008,1022
91009,5470
91010,5052
91011,4076
91012,2572
91016,4438
91017,17068
91018,1196
91019,1102
91024,7668
91025,1496
91026,2740
91027,4884
91028,5172
91031,2642
91032,4182
91033,4556
91035,6294
91037,10566
91038,980
91039,2600
91040,1002
91041,3228
91042,4248
91043,2636
91044,19572
91046,4944
91047,3382
91050,578
91051,71526
91055,13808
91056,2480
91057,1640
91058,744
91059,1438
91060,1800
91061,5612
91062,8234
91063,14024
91064,3924
91066,2188
91067,4476
91068,448
91069,1486
91070,4508
91071,3192
91072,3650
91073,6170
91077,3328
91083,4120
91084,3342
91085,23118
91086,3210
91088,1950
91089,7814
91090,1282
91091,932
91093,3776
91094,5658
91095,22186
91097,2192
91098,2830
91099,2356
91100,1012
91101,6170
91103,3932
91104,642
92003,53696
92009,306462
92011,47068
92015,16722
92037,16010
92050,14588
92051,140704
92066,10452
92068,58404
92074,42324
92075,13662
92080,35328
92090,17466
92099,4286
92105,26264
92108,19038
92109,39354
93001,488
93002,2636
93004,18260
93005,31506
93006,486
93007,18688
93008,5118
93009,12742
93010,16808
93011,1668
93012,3050
93013,10360
93014,710
93015,1774
93016,776
93017,36600
93018,5524
93019,738
93020,3042
93021,23550
93022,25224
93024,1188
93025,23516
93026,3086
93027,8676
93028,5410
93029,15520
93030,3060
93031,6314
93032,30342
93033,103428
93034,16666
93035,6926
93036,11954
93037,39954
93038,9164
93039,2856
93040,8458
93041,30492
93042,4466
93043,12738
93044,24206
93045,574
93046,688
93047,3618
93049,1400
93050,2618
93051,16978
93052,3376
93053,7818
94001,800
94002,9802
94003,1350
94004,1390
94005,1504
94006,1674
94007,2572
94008,2174
94009,622
94010,3240
94011,314
94012,962
94013,210
94014,2400
94015,408
94016,1852
94017,2686
94018,346
94019,1220
94020,1286
94021,3812
94022,5970
94023,43170
94024,1326
94025,2130
94026,3512
94027,1940
94028,4770
94029,1034
94030,4180
94031,3336
94032,1658
94033,514
94034,874
94035,1328
94036,622
94037,1236
94038,4532
94039,2138
94040,1792
94041,1032
94042,2196
94043,902
94044,2762
94045,1374
94046,718
94047,584
94048,1284
94049,1414
94050,4478
94051,1324
94052,22418
95001,5286
95002,828
95003,500
95004,2732
95005,710
95006,7688
95007,1652
95008,706
95009,640
95010,154
95011,2524
95012,1196
95013,1336
95014,272
95015,3076
95016,306
95017,2482
95018,18086
95019,5096
95020,1740
95021,8818
95022,906
95023,1432
95024,1706
95025,9474
95026,2088
95027,3034
95028,864
95029,8096
95030,1386
95031,3454
95032,1274
95033,2396
95034,924
95035,3560
95036,672
95037,2364
95038,62938
95039,2996
95040,588
95041,4328
95042,474
95043,4202
95044,1294
95045,5852
95046,5156
95047,9514
95048,674
95049,4600
95050,4922
95051,2922
95052,4098
95053,3468
95054,866
95055,322
95056,1808
95057,1582
95058,614
95059,4372
95060,976
95061,448
95062,4690
95063,710
95064,296
95065,20202
95066,1900
95067,2194
95068,984
95069,5604
95070,1472
95071,594
95072,3134
95073,592
95074,2306
95075,2054
95076,690
95077,602
95078,238
95079,15612
95080,872
95082,3518
95083,1258
95084,314
95085,912
95086,390
95087,2064
95088,482
96001,656
96002,6260
96003,2292
96004,87624
96005,1750
96006,1770
96007,4054
96008,282
96009,640
96010,2296
96012,14840
96013,370
96014,816
96015,1652
96016,7142
96018,5692
96019,3484
96020,28744
96021,2952
96023,936
96024,1432
96025,1090
96026,7646
96027,218
96028,2990
96030,772
96031,1074
96032,4072
96033,980
96034,1160
96035,7666
96037,2656
96038,1182
96039,1882
96040,7704
96041,5388
96042,3006
96043,978
96044,356
96046,4242
96047,7574
96048,2332
96049,4700
96050,4204
96053,2972
96054,1724
96055,180
96056,3158
96057,1170
96058,3828
96059,5290
96063,2684
96064,1526
96065,2104
96066,1838
96067,540
96068,4914
96069,404
96071,4794
96072,404
96074,1842
96075,928
96076,2480
96077,15488
96078,662
96079,380
96080,2816
96081,786
96082,2280
96083,1962
96085,5438
96086,986
96087,4088
96088,21546
97001,6414
97002,5604
97003,4644
97004,8228
97005,4776
97006,10120
97007,2568
97008,6980
97009,6772
97010,9058
97011,5818
97012,10856
97013,27672
97014,2828
97015,1696
97016,26400
97017,8748
97018,1054
97019,5206
97020,7718
97021,4786
97022,7558
97023,15920
97024,3490
97025,2342
97026,9550
97027,522
97028,3426
97029,3272
97030,5228
97031,5116
97032,616
97033,2412
97034,1382
97035,1514
97036,16998
97037,5024
97038,5432
97039,4938
97040,3924
97042,96346
97043,4278
97044,10214
97045,8624
97046,20462
97047,736
97048,29714
97049,17574
97050,960
97051,7172
97052,3808
97053,5408
97054,8316
97055,60
97056,7336
97057,18468
97058,12886
97059,14080
97060,2484
97061,9658
97062,7664
97063,690
97064,268
97065,3922
97067,1788
97068,4446
97069,4410
97070,4558
97071,12722
97072,6210
97074,4354
97075,4626
97076,5626
97077,306
97078,3542
97079,1070
97082,6888
97083,22876
97084,1484
97086,5638
97090,4218
97091,11220
97092,9394
97093,1060
98001,540
98002,2162
98003,3538
98004,8726
98005,4886
98006,5442
98008,5816
98009,6448
98010,30554
98011,3074
98012,6046
98013,3172
98014,9316
98015,5794
98017,4290
98018,4436
98019,31988
98020,4586
98021,5778
98022,2298
98023,412
98024,3104
98025,4578
98026,4648
98027,2576
98028,5198
98029,5320
98030,5022
98031,92100
98032,15204
98033,134
98034,2766
98035,6166
98036,3558
98037,8870
98038,920
98039,3410
98040,4510
98041,11652
98042,4050
98043,3972
98044,2842
98045,3464
98046,5276
98047,3696
98048,7504
98049,6752
98050,26706
98051,3778
98052,3904
98053,3670
98054,7758
98055,6920
98056,11920
98057,1830
98058,3102
98059,3432
98060,3694
98061,14930
98062,2976
99001,39152
99002,34196
99003,21058
99004,2260
99005,27242
99006,2710
99008,4472
99009,1992
99011,14282
99013,70518
99014,302400
99015,6130
99016,11306
99017,18954
99018,44724
99020,20206
99021,766
99022,1600
99023,14148
99024,5394
99025,5754
99026,4126
99027,2158
99028,10344
99029,13700
100001,6334
100002,29664
100003,38012
100004,20192
100005,389826
100006,20108
100007,12168
101001,4334
101002,3208
101003,1104
101004,4988
101005,1870
101006,2142
101007,5286
101008,29094
101009,10850
101010,124898
101011,5956
101012,20216
101013,34924
101014,6796
101015,12456
101016,2124
101017,17778
101018,6594
101019,11184
101020,4086
101021,1484
101022,3956
101023,2272
101024,5996
101025,12848
101026,1590
101027,3402
102001,4096
102002,2656
102003,8534
102004,1184
102005,1968
102006,6290
102007,2252
102008,3990
102009,4126
102010,4156
102011,10188
102012,3598
102013,2724
102014,3754
102015,3286
102016,4068
102017,8952
102018,3704
102019,6956
102020,4240
102021,13144
102022,1380
102023,3244
102024,2432
102025,12316
102026,2554
102027,18536
102028,2080
102029,1874
102030,9952
102031,8926
102032,8188
102033,4274
102034,5262
102035,2534
102036,5946
102037,13098
102038,1860
102039,2278
102040,4692
102041,1638
102042,2912
102043,4798
102044,12442
102045,1480
102046,2000
102047,65538
102048,1398
102049,3548
102050,3892
103001,808
103002,812
103003,3962
103004,472
103005,200
103006,1772
103007,944
103008,9922
103009,1548
103010,1014
103011,2900
103012,370
103013,1480
103014,1186
103015,3188
103016,1788
103017,10334
103018,344
103019,6888
103021,592
103022,1166
103023,1344
103024,1528
103025,9050
103026,2800
103028,36090
103029,2112
103031,892
103032,376
103033,4724
103034,2088
103035,15632
103036,386
103037,222
103038,458
103039,1074
103040,804
103041,2768
103042,2914
103043,242
103044,4304
103045,730
103046,2518
103047,768
103048,1714
103049,1762
103050,30124
103051,6836
103052,2276
103053,2988
103054,5026
103055,1524
103056,1078
103057,3814
103058,496
103059,772
103060,1410
103061,2604
103062,2580
103064,9632
103065,1448
103066,826
103067,344
103068,3326
103069,2418
103070,770
103071,4016
103072,60782
103074,2396
103075,12816
103076,536
103077,3500
103078,626
103079,956
108001,31210
108002,4250
108003,12810
108004,36056
108005,13928
108006,14940
108007,22570
108008,31220
108009,24528
108010,34088
108011,12182
108012,70510
108013,8562
108014,4314
108015,36092
108016,14992
108017,14786
108018,13214
108019,79036
108020,17084
108021,31732
108022,6068
108023,83994
108024,52362
108025,15564
108026,17116
108027,70372
108028,92890
108029,14978
108030,47156
108031,8982
108032,11254
108033,248102
108034,47494
108035,46696
108036,10446
108037,8172
108038,7080
108039,90894
108040,47964
108041,16772
108042,8726
108043,17426
108044,20920
108045,27324
108046,15166
108047,8608
108048,18434
108049,28118
108050,52482
108051,13594
108052,10376
108053,21412
108054,31928
108055,9560
109001,7092
109002,6942
109003,1228
109004,3868
109005,6524
109006,73976
109007,1856
109008,6578
109009,2344
109010,2836
109011,1826
109012,1264
109013,3274
109014,798
109015,2216
109016,1526
109017,13238
109018,25570
109019,732
109020,1470
109021,672
109022,4284
109023,4716
109024,16166
109025,818
109026,1394
109027,1780
109028,1094
109029,1488
109030,5664
109031,4472
109032,3316
109033,32202
109034,52790
109035,4006
109036,2566
109037,34362
109038,4486
109039,666
109040,3908
110001,198614
110002,188632
110003,109662
110004,58514
110005,23252
110006,17208
110007,27964
110008,12512
110009,112022
110010,28400
111001,12206
111002,880
111003,1486
111004,2218
111005,2450
111006,2096
111007,5480
111008,5694
111009,55222
111010,12190
111011,3356
111012,1606
111013,8654
111014,19228
111015,3310
111016,12074
111017,4058
111018,4244
111019,1120
111020,1160
111021,5614
111022,3144
111023,1574
111024,614
111025,2354
111026,1616
111027,2412
111028,3964
111029,924
111030,9710
111031,12830
111032,1890
111033,5256
111034,22998
111035,52600
111036,5158
111037,442
111038,3322
111039,4188
111040,2542
111041,9178
111042,10538
111043,3046
111044,6306
111045,1724
111046,2420
111047,4906
111048,4218
111049,3012
111050,4264
111051,1764
111052,5368
111053,1164
111054,2730
111055,2320
111056,1654
111057,9996
111058,1848
111059,10036
111060,3230
111061,2382
111062,16800
111063,11792
111064,1454
111065,16840
111066,7128
111067,16770
111068,6592
111069,3440
111070,5434
111071,22052
111072,7896
111073,2264
111074,2694
111075,9698
111076,5328
111077,17832
111078,9476
111079,1282
111080,274
111081,2478
111082,1586
111083,1240
111084,7412
111085,2258
111086,3880
111087,3720
111088,2200
111089,6896
111090,2072
111091,1958
111092,818
111093,8256
111094,1024
111095,3748
111096,27550
111097,5208
111098,6976
111099,2112
111100,1312
111101,2494
111102,2120
111103,9230
111104,2032
111105,7500
111106,13702
111107,5194
