Abitanti,PRO_COM_T
20325,028001
284,098001
3203,097001
6281,052001
2652,095001
366,068001
2059,047023
1367,076001
11523,088001
157,004001
307,066001
2270,076002
2619,065001
60209,063001
3556,087001
18530,087002
18236,087005
52048,087004
271,060001
1072,078001
1520,017001
4309,041001
1180,019001
2833,020001
5410,056001
1798,078002
2042,102001
2599,044001
598,070001
399,094001
20496,072001
3700,044002
927,085001
5606,083107
19744,006001
19812,078003
1878,060002
16968,072002
35283,087006
2209,016001
811,016002
19216,029001
7200,017002
2364,023001
1460,058001
2949,080001
1989,033001
1469,090001
8104,086001
18269,047002
1590,005001
1218,090062
2651,001001
3217,028002
3950,019002
4906,094002
1659,017003
4110,025001
1735,058002
411,012001
15607,108001
1562,003001
58945,084001
22162,065002
4806,042001
1397,024001
2122,108002
417,095002
1475,066002
1612,078004
2222,030001
4041,064001
1327,061001
329,096001
3700,001002
8238,062001
2865,097002
214,004002
8767,022001
458,001003
824,018001
715,002002
3466,068002
2778,025002
10750,009001
28528,060003
31588,004003
12803,067001
252,095003
6446,065003
1390,076003
41124,058003
8321,016003
324,002003
243,018002
5247,023002
286,014001
2128,034001
227,004004
6410,013003
24003,009002
298,006002
10645,072003
873,071002
4229,013004
2007,024002
1486,022002
1647,001004
6378,108003
1248,078006
26638,028003
8852,035001
17822,016004
2730,013005
9788,009004
5347,009003
5243,012002
534,018003
3001,014002
502,005002
3649,018004
45522,081001
1820,083001
3185,022003
1372,095004
93960,006003
378,078007
2756,084002
6360,075002
5734,075003
1000,065004
902,066003
2429,017004
771,006004
11988,039001
43800,090003
664,016248
3550,082001
899,077002
739,006005
2565,002004
720,001005
1838,082002
361,095005
1197,025003
216,007001
1705,055002
6609,075004
1695,006192
6374,016006
5702,016007
6419,001006
5513,016005
1611,024003
6814,025072
242,001007
16943,001008
4721,033002
1300,013006
2964,013253
70658,072004
2007,009005
1609,022235
4137,064002
8516,082004
425,006007
7082,065005
11946,024004
3550,109001
671,078008
3137,069001
2168,024005
6999,026001
140,004005
6961,037062
155,002170
4333,078009
15733,046001
5014,022236
1436,055003
4695,061003
2618,060004
13713,016008
356,006008
4919,013007
1837,090002
703,083002
2430,083003
4973,065006
14090,078010
851,030002
1772,079003
4149,060005
807,079004
2409,016009
529,022237
4326,011001
11890,055004
2822,078011
959,003002
962,030003
7025,063004
21183,060006
1846,067002
686,079005
1117,022005
583,014003
2057,001009
7501,009006
3147,096002
4796,075005
499,001010
244,093001
1782,064003
99382,110001
1038,021002
617,090004
463,017005
5483,012003
5475,051001
2352,017006
845,001011
4253,028004
2052,019003
2306,097003
3906,027001
2144,080003
3232,016010
571,007002
850,058006
966,005003
869,083004
1262,080004
2439,057003
404,103001
330,066004
1823,013009
1181,071003
1590,076004
409,103002
12261,037001
34335,007003
1786,041002
5559,062003
2116,043002
2655,062004
7770,013010
4081,043003
1740,044005
1590,014004
12966,071004
2677,078012
75467,059001
1426,065008
150,008003
3223,030004
1601,064004
5190,060007
9181,075006
9262,084003
576,005004
1326,093002
3847,095006
870,002006
6265,111001
4566,026002
5605,060008
4846,016011
4337,042003
2086,069002
4280,053001
1281,058008
17826,022006
10356,011002
6360,023004
6681,015007
17976,108004
7831,024006
768,090005
833,095007
51193,058117
3266,014005
3444,016012
1333,102002
1564,018005
11333,010001
19676,015009
99574,051002
9854,037002
21440,038001
196,004007
483,079007
1110,069003
21904,064005
4223,029002
18712,058009
1123,069004
5396,061004
1083,001012
1971,103003
865,056002
12200,015010
2166,003006
578,076005
116,008004
442,111002
1251,007004
2272,060009
4012,075007
233,103004
14039,003008
5152,013012
1992,062005
745,062006
7034,060010
1062,044006
6421,006009
1827,028005
2662,029003
2131,028006
4844,012005
3126,024007
791,067003
2242,025004
1464,058010
2076,030005
2887,030006
14141,058011
870,007005
13852,090006
2726,016013
2317,091002
33891,063005
4862,028007
25651,024008
5971,065009
7068,052002
47833,044007
6094,071005
220,057004
6443,024009
887,024010
1435,002007
10078,020002
9163,026003
9242,015011
26937,092003
28491,054001
3584,013013
365,095008
5027,086003
76344,005005
321,095009
1128,066005
3833,076006
10593,069005
4282,060011
842,065011
10479,067004
10846,064006
2038,055006
1713,030007
1105,091003
35835,089001
2231,065012
11013,045001
103,103005
337,008005
3288,025005
2570,060012
2558,010002
7697,064007
181,016014
6510,073001
42000,066006
557,016015
12542,001013
10924,076007
2478,055033
4119,022007
302,007006
264,006010
1365,007007
2076,007008
1265,001014
595,019004
384,005006
15741,093005
3384,017008
7630,016016
4675,012006
766,012007
388,016017
905,103006
26157,063006
1092,008006
1875,090081
361,018006
10178,029004
1010,051003
2922,079008
955,080006
55265,082006
16849,039002
2444,039003
659,018007
3435,030008
1021,004008
4379,016018
6000,046002
25625,048001
5835,040001
666,094003
3478,028008
3123,064009
4911,019005
1827,075008
1205,029005
9836,035002
12692,017009
5898,004009
5948,020003
1818,045002
3587,056003
3811,017010
4696,064010
806,001015
3219,035003
3163,001016
1162,005007
547,001017
1063,004010
6438,082007
534,009008
4120,097004
774,111003
112,002008
231,002009
1779,076008
1351,006011
547,090007
3286,001020
478,103007
1248,076009
3062,028009
78,095010
2583,076010
12419,015250
1703,012008
1264,095011
1594,001021
1314,042004
6429,024124
1008,056004
628,004011
2300,017011
11021,048002
12083,048054
837,018008
630,028010
41093,083005
238,093006
118,007009
1613,012009
2137,034002
762,009009
7212,023006
3159,001022
17389,015012
766,003012
588,095012
663,066008
9836,046003
2559,010003
7613,004012
1153,017012
323523,072006
3958,091005
4253,016020
7092,037003
2703,076011
1726,066009
7006,108005
94472,110002
588,013015
705,004013
589,001023
17253,065013
12440,086004
1124,111004
712,066010
1228,111005
2391,097005
2008,016021
5099,097006
1293,097007
2080,006012
1819,018009
2373,067005
5032,022009
2246,062007
3721,015014
580,083006
8061,015015
5304,030009
2344,017013
43107,024012
4832,056005
1490,059002
1656,006013
676,004014
21795,054002
990,018011
4258,036001
3900,028011
214,004015
50976,065014
695,018012
1922,082008
671,095013
3579,091006
4972,103008
668,012010
12296,017014
1481,022011
3250,034003
718,016022
754,103009
17991,001024
3459,004016
3244,023007
759,041005
1859,043004
500,006014
6346,018013
514,103010
4926,076012
3706,013250
3491,097008
7027,067006
19636,099001
2809,058012
100,004017
3859,015016
9600,003016
13711,065158
6164,061007
750,065015
35736,025006
7433,108006
1902,078013
702,060013
698,094004
643,057005
603,109003
28112,087007
911,078014
366,004018
9255,078015
2159,042005
328,005008
586,091007
120,014006
330,013021
3670,004019
2532,080008
1800,090008
480,004020
58463,062008
1146,096003
5693,037005
2427,016023
4153,014007
2009,034004
2713,090009
2771,013022
2913,018014
716,006015
121313,016024
2534,029006
1091,009010
56,004021
2779,017015
12308,077003
11183,108007
3066,015019
4169,004022
11014,040003
2392,030010
411,005009
152,006016
1607,017016
2499,017017
1407,016025
15616,108008
2570,012011
2745,022013
964,033003
5567,012012
8976,012013
396,090010
2690,033004
4351,054003
1454,103011
4920,054004
2328,011003
1757,023008
23694,087008
1253,078016
4273,080009
1291,003018
3299,012014
588,016026
1319,014008
1884,002011
12217,108009
10226,035004
11982,051004
3238,049001
3486,001025
2704,071006
1837,030011
139,095014
44008,096004
432,022015
8442,050001
4798,013023
7293,015024
2221,072008
877,096005
233,007010
1348,017019
528,091008
3744,064011
4284,082010
54732,110003
212,066011
1804,067007
1824,006017
4384,012015
11980,072010
54860,072011
11307,072012
2734,091009
3463,084004
1726,013024
1527,022017
289,013025
1216,013026
958,082082
2453,028012
550,001026
1178,003019
1169,078018
181,002014
390,022018
2238,012016
1782,098003
4096,015026
4434,010004
196,103012
1299,003021
2506,009011
7626,011004
6426,016028
36664,015027
2159,001027
391965,037006
142,043005
2559,091010
3866,056008
6233,016029
108038,021008
1197,003022
6499,024013
1743,056009
751,069006
531,085002
1311,082012
10219,036002
1539,095015
834,011005
10168,016030
6705,016031
1988,023009
14121,038003
657,022021
1392,062009
1296,070004
1503,019006
2757,078019
2374,064012
938,090011
3492,090012
3312,090013
98,004023
601,057006
812,025007
708,030012
10348,008008
590,019007
5383,035005
2657,018015
11982,001028
413,008009
1964,006018
919,011006
4340,098004
4644,009012
587,001029
2175,009013
6956,046004
2007,022238
2507,022252
1168,016032
710,022239
5500,020072
549,041006
1459,018016
12578,004025
5371,017020
2458,098005
18323,048004
1396,006020
951,018018
5195,003025
3241,037007
6783,034006
13637,025074
6957,022022
953,057008
7059,028107
2207,002017
14803,020071
1934,020073
3666,001030
2015,003023
382,004024
21781,003024
826,008010
796,001031
312,103078
2207,001032
8064,033006
545,006019
416,018017
8867,028013
4387,057007
9301,017021
12679,002016
358,009014
4206,014009
2696,018019
2587,017022
153,095016
2049,091011
322,069007
879,096006
5951,026004
752,090014
279,090015
1908,010005
7818,095079
1457,029007
3562,023011
2330,006021
3120,001033
172,004026
1164,006022
3379,097009
620,018020
998,016033
646,004027
5173,079012
2694,075009
5117,016034
10844,017023
670,090016
406,080011
4253,080013
8950,080012
2098,017024
9816,004028
7519,017025
8676,060014
3140,071007
17038,108010
3509,028014
16176,023012
332,006023
4143,020007
29833,004029
705,016035
19052,058013
5479,065016
555,018021
3479,080014
1709,017026
8774,001034
695,016036
688,017027
3217,012017
7818,026005
858,012018
8494,024014
6577,013028
8630,016037
7881,016038
2740,098006
741,018022
6662,024015
2173,013029
2241,021010
4801,017028
1724,012019
1344,023013
4030,022025
2500,023014
5637,035006
200316,017029
253,022026
3483,018023
3180,024016
26431,015032
1228,012020
305,004030
4645,001035
337,013030
3979,076013
41,004031
2848,003026
6116,016040
449,006024
86622,074001
862,076014
799,012021
1144,003027
746,017030
6097,108011
7441,039004
1234,012022
950,007011
268,068004
4556,097010
2748,060015
3986,024017
682,102004
5824,083007
9476,018024
18664,087009
1039,004033
397,001036
738,103013
442,001037
35101,108012
7167,028015
1292,011007
9388,093007
8639,001038
120,016041
1723,013032
948,012023
316,005010
5645,016042
1505,001039
16224,063010
1215,012024
2022,096007
891,007012
1523,001040
1102,080015
820,005011
1927,089003
5076,069008
2071,062010
27326,015036
4797,065017
9985,051005
3833,090017
2562,093008
5290,090091
18494,037008
1049,111006
8857,047003
1994,014010
1088,066012
6438,030013
2917,097011
4087,013034
876,090018
494,090019
1641,062011
3115,052003
4288,108013
2791,111007
2572,084005
890,090020
1351,001041
1144,001042
874,002021
1244,095017
5437,010006
1635,001043
10143,004034
4716,015038
993,089004
2913,081002
6804,108051
8455,015040
6918,034007
2437,068005
1198,070005
20483,023015
5817,001044
83912,012026
14024,015041
4491,085003
5587,050002
7042,023016
6427,001045
2525,005012
3940,030014
501,006025
7505,013035
9187,095018
8026,082014
1608,101002
2240,012027
10731,035008
6052,033007
680,022029
16107,028016
8040,013036
2684,012143
7990,026006
3357,001046
2666,065019
8438,041007
154226,092009
496,013037
1287,066013
6945,071008
1885,061008
5434,061009
2131,017031
1071,014011
300,064013
7726,012029
13018,009015
37705,063011
2322,064014
1972,025008
1708,005013
1255,084006
4024,090021
811,080016
599,103014
140,066014
2858,111008
5215,087010
6430,081003
904,056010
1375,022032
6394,050003
12698,050004
6077,016043
13027,017032
5348,016044
5394,097012
1709,043006
13368,037009
1089,022033
7915,023017
11381,024018
3793,022034
2417,033008
18235,048005
2124,034008
1086,011008
1723,009016
6911,075010
4452,064015
1446,009017
141,096008
1289,005014
1977,022035
13880,097013
1237,005015
3513,084007
62026,085004
3826,082015
2529,003030
701,029008
2509,024019
8348,016046
7505,001047
3555,017033
1486,065020
1196,019009
1833,076015
1320,024020
4297,016047
2573,062012
5633,061010
111,018025
1231,015042
8468,017034
493,006026
32194,046005
327,096009
2006,084008
7119,015044
6008,001048
1607,103015
1141,096010
596,004035
7181,042006
414,005016
607,016048
430,058014
2551,042007
10883,003032
6671,043007
1997,061011
743,006027
1578,030015
1241,019010
11250,024021
185,004036
5190,010007
17186,065022
7228,027002
11553,058015
2362,053002
678,019011
5671,035009
1635,078023
2136,108014
5344,035010
2401,054005
227,002025
47535,048006
10075,075011
507,096086
1673,024022
12731,049002
1360,001049
2013,013040
726,022036
6865,067008
4552,080018
795,066015
2858,010008
4865,049003
5716,028020
49269,070006
9742,084010
627,070007
14895,028017
1478,022037
600,059003
2452,070008
935,014012
473,082016
7707,082017
1920,109004
1218,082018
7893,030016
2808,085005
8817,036003
1005,062013
1662,060016
832,070009
10685,027003
807,024023
1141,030138
755,076017
7894,070010
6685,010009
13181,027004
3122,082019
2097,046006
5636,008011
518,043008
11999,028019
5233,063013
1095,018026
1830,037010
1466,022038
5614,004037
1119,025023
4229,058016
2698,029009
1888,022039
1181,076018
902,029010
7449,096012
1247,001050
1519,018027
2300,028021
1114,064016
422,080019
5654,001051
12659,015046
10446,005017
3017,056011
6875,089005
35574,084011
5275,056012
279,001052
970,066017
686,078024
994,065024
4309,054006
919,103016
1388,018029
4220,020008
5174,103017
1666,075012
4392,016049
29655,110004
1315,069010
78,004038
3743,035018
249,066018
3148,100001
2635,001053
1663,057010
464,006028
761,094005
1025,005018
4769,012030
2095,041008
583,001054
40090,013041
1828,067009
5202,013042
11495,027005
4823,033010
3999,053003
6413,050005
46979,046007
11051,058018
2169,019012
5567,013043
5051,066020
638,066021
2971,083008
2437,017035
1693,056013
4131,049004
5364,051006
5207,108052
208,066022
3382,064017
23706,092011
346,017036
557,019013
424,019014
4711,026007
4026,068006
825,094006
7856,048008
397,049005
2315,019015
6703,056014
319,058019
2406,075013
96,004039
1402,051007
168,103018
7154,063014
4413,083010
585,022040
4637,017037
1833,006029
8204,016051
1556,061014
2092,001055
309,005019
184,096013
3065,016052
9481,017038
1635,031001
18210,061015
15663,072014
1808,079017
6795,004040
3069,004041
1879,068007
6646,071010
84,066024
3747,010010
1015,044010
17987,108015
1149,013044
16336,016053
2579,012031
908,001056
1974,056016
1459,018030
2502,063015
1136,006030
11329,026008
27670,111009
5428,009018
1512,028022
75,002029
14903,012032
1966,091103
1430,080022
1975,079018
22397,063016
1153,004042
534,046008
765,001057
1453,097014
315,006031
2212,080023
1044,002030
1123,002031
434,006032
590,101003
626,090022
7962,078025
1360,064019
9275,001058
4519,013046
7067,061016
39567,082021
794,002032
971,022042
919,071011
3190,013047
17526,089006
2779,030018
6170,111010
1484,079020
29118,001059
14824,100002
7496,028023
6666,012033
7359,108016
4824,016055
301,016056
3147,083011
18044,012034
4875,012035
6891,073002
17188,074002
1286,094007
7745,033011
214,078027
1677,041009
13031,017039
952,006033
72470,036005
4207,015050
3729,075015
2528,003036
4018,035011
611,068008
4325,058020
552,069011
3950,071012
1074,094008
62545,045003
85,006034
521,011009
478,011010
502,006035
3618,024024
4428,004043
5286,066025
3815,024025
174,004044
8045,041010
730,006036
4647,028026
15714,015051
6659,013048
636,069012
4709,016057
524,022043
2511,101004
1959,070011
1212,006037
21783,061019
874,069014
544,060017
960,003037
5989,069015
1703,064020
1903,001060
1157,065026
3866,019016
516,070012
1296,062015
3424,103019
1877,019017
4837,028027
1104,050006
33948,006039
13131,026009
36757,037011
373,006038
911,003039
5562,023019
1148,019018
544,019019
2908,098008
1348,065027
1837,019020
3471,037012
19108,035012
1422,004045
3065,069016
1522,003040
15501,019021
3175,098009
1638,019022
2234,020010
985,006040
48808,063017
1441,071013
2714,020011
15346,098010
1525,020012
5397,028028
1757,071014
765,083012
2602,060018
884,003041
1393,012037
3257,063018
19876,072015
215,002033
435,018031
683,058021
7001,061103
415,096014
8569,061021
19860,075016
831,097015
4052,015055
8414,093010
6789,010011
122,006041
13145,097016
884,018032
18698,063021
3972,016058
3777,012038
12342,050040
45603,050008
1510,001061
2495,018033
3034,001062
3147,010012
1892,065029
1539,098011
3009,098012
14065,001063
11412,026010
743,080024
4441,035013
4110,016059
1657,013052
5004,013053
3231,016060
3778,063022
997,045004
2530,039005
3804,052004
5490,069017
8929,018034
5713,012039
5492,015058
615,005020
1369,014013
2868,030019
4398,097017
17807,078029
19212,015059
920,064021
21776,012040
1861,006191
662,012041
754,089007
113,016061
13955,015060
3380,013055
518,097018
623,005021
2940,006043
888,006044
1864,015061
36548,060019
14870,024026
6949,018035
3664,023020
9033,049006
1773,001064
2213,004046
3718,005022
1180,005023
2227,001065
746,018036
11250,015062
8484,017040
2913,024027
1097,064022
599,005024
9617,039006
1508,061023
460,067010
222,022045
1868,037013
4589,020014
11953,023021
315,094009
456,066026
4796,053004
1227,037014
3382,037015
4456,087013
8501,044011
1251,083013
6733,066028
1113,061024
271,057013
3039,051008
4379,069018
8945,058022
2082,055009
12768,020015
4499,037016
3313,022240
18542,037019
11009,017042
3726,061026
3176,054008
398,005032
2828,016063
2317,065035
2588,051010
857,058025
20927,037020
479,094012
1267,057015
2563,056017
2777,055010
1466,028029
3229,020013
5076,042008
321,009020
263,070013
8519,082022
1577,065030
6685,017041
2296,026011
11742,082023
389,099021
154,004047
569,019023
18712,042010
17527,048010
4335,059004
1924,064023
13524,050009
33179,036006
9915,051040
33685,026012
1500,098062
6198,024028
881,076021
1542,029011
2683,005025
4598,033012
1416,053005
2942,083014
1067,066029
7603,067011
15138,081005
64963,063024
9982,001066
19567,072017
3196,082024
91,006045
14539,012042
398,006046
15407,035014
1246,008014
4463,006047
322,003042
9498,019025
1591,042011
297,005026
143,006048
1944,006049
1054,018038
449,006050
145,005027
1492,006051
9983,003043
1370,004049
311,004050
10461,016062
2820,052005
1942,050010
922,004051
527,070014
297,004052
3338,060020
557,012043
1148,018039
6583,037017
1435,061025
614,014014
1942,005028
2618,097019
7969,063025
7285,026013
1185,022048
2315,022047
5260,020016
2094,071015
1990,076022
738,076023
1250,071016
60,004053
1270,013058
4063,029012
1388,070015
1101,083015
546,018040
2692,029013
829,093011
8535,035015
10538,035016
1046,022049
833,005029
9198,052006
1574,098013
661,006052
908,013059
732,005030
13401,023022
1330,071017
115,004054
608,065033
1048,057014
5815,046009
8782,058024
2167,050011
3182,005031
8400,011011
430,001067
15135,036007
5213,006053
1411,062017
1624,094010
157,094011
3498,042012
4473,043009
248,043010
1254,076025
5887,090023
1297,012044
966,101005
409,006054
1961,012045
134,009021
879,066031
2659,062019
5705,019026
107,094013
1097,062020
1580,064024
30869,081006
11273,036008
5336,033014
15540,037021
11538,017043
1673,111011
2131,051011
13232,051012
759,068009
1589,010013
2894,078030
4663,098014
2271,052007
5526,037022
1324,065036
15372,054009
7196,053006
24002,020017
1756,046010
3080,087014
710,004055
2298,056018
1631,069020
2182,067013
7712,012046
832,004056
6496,001068
2680,044012
1417,067014
479,004057
1577,014015
3373,016064
3757,030020
2881,098015
1670,017044
2296,044013
7450,017045
2853,075017
3853,075018
5266,075019
1299,016065
2339,075096
4647,060023
6399,040005
3932,060022
5116,012047
2944,082025
886,070016
2351,083016
258,078032
21777,078033
316579,087015
4633,086006
1268,068010
17194,099002
3543,084014
53127,065037
6761,018041
392,003044
1179,003045
3594,096016
2265,001069
6018,023023
4113,022050
682,004058
5439,004059
12886,075020
13539,027044
1329,003047
204,013062
5814,012048
13261,027006
2922,026014
1522,093012
269,006055
991,030021
11044,058026
543,022052
2961,022053
2169,098017
7377,108017
2668,016066
235,022054
5460,001070
9905,035017
3763,020018
9584,051013
10961,017046
1501,023024
1648,016067
23157,060024
226,018042
28222,049007
1139,017047
442,014016
1001,082026
14158,082027
6138,027007
19525,074003
10929,066032
847,069021
1475,071018
486,019028
493,006056
489,078035
711,005033
4903,017048
1837,065038
83,004060
162,071019
470,005034
1325,056019
1107,056020
6376,074004
966,002171
8078,061102
2350,022241
519,079024
2540,016068
3897,016069
1274,025010
4271,016070
1604,029014
3431,009023
6994,004061
35551,038004
3604,013254
11066,068011
3331,062022
294,103021
8749,060025
3766,010014
6791,003049
541,013063
2282,018043
2322,065040
3668,070017
1807,001071
622,070018
2329,078036
1580,066033
793,014017
671,030022
5122,082028
16732,023025
3527,029015
1089,101006
1039,001072
2590,020019
410,006057
2054,004062
168,001073
1606,016071
183,018044
711,018045
5564,009024
1165,008016
6617,108018
121,033015
58510,071020
3058,078037
9202,013064
1555,021020
1529,067016
6658,013065
3854,097020
34936,015070
218,005035
3582,042013
1015,054010
306,006058
11004,048011
1091,058027
3799,062023
436,004063
1353,006059
2855,096018
5162,015071
1200,094014
15300,015072
595,005036
2584,023026
15998,048012
5494,018046
456,058028
5717,028030
8120,060026
5146,004064
58,002041
665,017049
2275,004065
1164,018047
38445,058029
28972,039007
2194,098018
13731,030023
9305,064025
4994,061028
1142,008017
1315,078039
9489,061029
2390,097021
959,001074
23948,015074
39555,108019
14418,015076
96970,040007
26019,040008
2637,064026
273,008018
3978,025011
3882,026015
3195,102006
464,043011
392,005037
1825,017050
2593,052008
5746,004066
854,017051
749,007013
560,007014
934,007015
96,007016
714,007017
399,007018
2438,007019
9340,004067
418,090024
345,001075
12767,024029
464,064027
7136,052009
1324,050012
1593,001076
8105,088002
1592,090025
3712,026016
14761,042014
5317,079029
19164,017052
1832,076028
205,094015
27514,010015
7287,014018
2066,001077
36872,001078
1311,025012
2470,014019
230,001079
4554,047022
50411,069022
1632,071021
2283,019029
3446,016072
3992,018048
882,001080
5183,093013
656,030024
914,051014
6126,016073
2501,024030
2544,014020
3643,004068
1603,001081
2709,082029
628,030025
581,008019
232,005038
2178,064028
512,008020
1885,052010
8390,052011
1949,051015
26893,001082
4675,007020
39173,058118
3298,084015
386,025013
2376,010016
923,079030
12837,063027
1210,065042
907,019030
391,001083
4460,002042
183,004069
1299,018049
5470,018050
3448,026017
539,017054
554,080026
7172,063028
357,093014
696,022058
445,005039
591,058031
1221,019031
9923,043012
2484,053007
76329,015077
12303,082031
338,014021
251,001084
356,022059
3211,027009
1974,028031
332,001085
395,061030
2319,062024
2165,013068
18593,001086
2654,101007
14561,101008
298,022060
6332,016074
2098,009025
5514,016075
10443,012050
910,024031
2645,026018
89,004070
1228,005040
37250,059005
3488,054011
20179,028032
6716,057016
10177,080028
419,057017
3856,012051
7708,054012
39285,054013
15060,068012
3782,097022
600,008022
4057,022061
253,002043
11118,030026
5143,016076
2759,017055
870,078041
16197,056021
977,066034
334,070019
311,069023
42683,043013
1219,068013
52771,058032
288,066035
1695,068014
1573,056022
4801,067017
3749,040009
8977,051016
814,069024
3142,053008
3120,066036
2071,058033
1120,014022
553,013071
892,093015
391,093016
814,004071
215,001087
7057,022062
1950,012052
8655,016077
1501,001088
3212,001089
285,005041
8696,017056
1455,005042
4762,012053
215,066037
6440,028033
983,018051
11793,038005
15891,098019
5306,026019
16100,030027
1308,090026
1794,096019
8543,108020
1373,007021
8941,010017
3177,024032
5719,010018
468,003051
5983,024126
1121,016078
1847,060027
861,033016
7963,097023
396,057018
866,066038
3426,054014
1748,097024
770,070020
361,057019
21773,052012
658,060029
2341,062025
364,025014
5156,026020
4608,017057
14723,034009
6105,068015
2154,067018
175,069025
450,069026
21418,058034
145,057020
49897,001090
1164,066039
931,060028
5862,075021
221,066040
317,001091
578,001092
16648,049008
1779,070021
1531,057021
1338,094017
12357,041069
3720,044014
472,057022
1051,018193
3534,065043
805,111012
2043,017058
87,002045
2188,030028
1222,043014
1138,077006
8525,023027
7552,017059
48081,015081
8754,023028
4320,058035
3708,067019
510,013074
1363,014023
9176,034010
1195,078043
2076,015082
5461,013251
1649,016080
1221,012054
22165,038006
693,045005
2926,022228
2303,098020
464,030029
2116,025015
2920,012055
4032,017060
1242,003052
31021,088003
891,084016
1753,063029
1115,020020
993,022064
86686,013075
4440,016081
3051,044015
3053,027010
677,065044
1096,023029
274,057023
15683,017061
10386,027011
8273,036010
15799,108021
4987,080029
4513,001093
488,083018
35322,026021
1586,018052
587,057024
443,006060
9834,039008
10233,028034
1614,082033
2315,067020
1399,022242
26096,072019
1296,064030
954,006061
23556,075022
1809,018053
16240,038007
776,018054
48275,072020
2531,065047
18358,015085
2331,029017
3689,056023
21470,054015
18300,093017
6970,026022
2759,093018
5192,046011
274,010019
1582,060030
1032,066041
10887,059006
10558,099003
5749,075023
77722,078157
4916,042015
3206,001094
10764,082034
530,065048
20601,015086
7243,031002
935,016082
298,016249
849,018191
20626,015087
10799,108053
12011,024034
2918,098021
2176,004072
1824,034012
3130,030030
1139,098022
207,098023
6306,026023
25639,035020
3036,108022
5139,028035
836,013077
15054,043015
5079,067021
5358,075024
35157,015093
207,005044
322,005045
280,005046
608,005047
579,033017
1088,019032
1356,019033
7166,017062
1545,098024
4690,033018
2270,004073
1928,017063
1176,097025
1934,016083
2608,018192
535,005048
5853,025016
657,021025
616,067022
21741,051017
225,068016
1022,018057
1413,017064
2150,030031
66431,078045
183,008023
5475,014024
849,080030
961,004074
491,001095
14580,096020
1066,009026
908,044016
671,103023
809,090027
519,005049
397,018058
3367,016084
2489,029018
4796,097026
896,016247
544,016085
330,006062
9117,016086
7694,024035
1144,054016
750,002047
3889,023030
5823,005050
3332,004075
7485,039009
5413,101009
2754,007022
4173,016087
367,018059
261,097027
258,002048
365,004076
762,103024
11371,024036
2788,069027
3596,016088
1577,019034
34447,019035
1717,097028
794,012056
1637,097029
675,013083
1067,006063
72751,019036
1745,019037
7789,002049
1295,024037
2301,098025
5441,050041
1752,029019
1617,003055
1421,096021
13848,037024
4602,103025
13444,073004
155,004077
6082,026025
1387,103026
1169,067023
1039,078046
9990,078047
606,012057
64745,101010
642,019038
406,002052
682,022068
2984,101011
3628,012058
3537,013084
999,001096
8282,015096
3116,012059
2588,095019
1417,068017
7919,001097
436,019039
2991,012060
56439,004078
452,005051
9716,001098
4846,069028
5426,044017
4556,042016
4895,018060
301,095077
2590,003058
165,012061
6668,079039
479,096023
7585,016089
4046,075025
7179,028036
14970,020021
6964,061032
19018,015098
3977,062026
221,013085
236,016090
5513,081007
10206,101012
8871,075026
3349,012062
1664,012063
6479,015099
23773,016091
431,022071
443,025017
15709,017065
1155,102007
1839,010021
3059,012064
5530,079042
457,014025
8370,092015
4339,111013
1942,009027
1372,011012
3352,014026
4133,085006
3205,080031
3652,071022
5602,017066
1958,004079
178,006065
1225,022074
183,006066
301,019040
9659,054017
2598,097030
1081,002054
29455,017067
42002,108023
2271,091016
698,008025
2311,008026
3647,004080
5863,008027
1101,008028
5548,048013
2295,030032
2125,022233
2044,102008
2913,075027
1410,003060
625,013087
4686,004081
329,069029
1339,008030
330,031004
9689,111014
15046,027012
2545,097031
1489,013089
2347,025018
1875,064031
18177,103028
1675,111015
6002,111016
717,096024
3299,013090
2511,007023
2043,111017
309,097032
2603,003062
4601,018061
547,096025
3427,020022
898,016092
247,013092
506,007024
1568,040011
3822,019041
6609,037025
2084,061033
584,022078
103,030034
3045,015101
4968,022079
7054,004082
1068,103029
604,091018
3719,014027
9047,028106
13935,024038
1488,012065
126,012066
2170,062028
397,070022
1050,005052
39932,065050
4475,017068
1684,068018
559,091019
1210,097033
9530,092108
88,004083
221,007025
49138,048014
3415,016093
1601,024039
1314,030035
26675,086009
886,004084
2008,016094
1339,076030
12256,027013
16392,013095
779,023033
1924,023032
8493,074006
27526,081008
221,009028
371,093019
734,090088
694,097034
1948,043016
2133,111018
574,111019
5195,017070
768,097035
3845,060031
380,090028
16278,028037
591,111020
494,007026
2620,013097
244,001100
594,006067
807,046036
6619,035021
29839,042017
2097,102010
2838,030036
553,014028
58846,039010
619,071023
6097,030037
1167,013098
3490,073005
389,066042
3627,078051
12498,012067
908,022081
3566,062029
1872,025019
1466,078052
25923,042018
2750,083019
2102,056025
3266,109005
119,069104
4782,013099
2952,036011
1535,093020
60881,041013
261,067024
1973,069030
8047,016096
14019,057027
2032,003065
1300,016097
1332,069031
3785,024040
561,076031
1772,004086
1435,068019
1100,033019
1447,056026
1672,031005
8678,026026
39603,074007
67,010022
3689,050014
474,004087
459,010023
32620,084017
4337,081009
5252,001101
310,004088
2283,001102
9002,034013
1211,065051
2224,006068
20664,025021
3219,013100
490,001103
20922,060033
2412,089008
8385,041014
36686,109006
6828,012068
2025,079048
1626,080032
132637,038008
254,023034
3275,070023
708,012069
1109,018062
1555,005053
1158,033020
1256,057028
2671,001104
16114,058036
645,043017
1073,022083
13024,082035
2321,029021
1392,083020
27067,034014
477,022085
1190,019043
14050,048015
2043,017071
8365,027014
3963,029022
5106,013101
23503,048052
1132,078053
5075,102011
3138,016098
2247,045006
515,060034
901,069032
2838,076032
813,018063
609,094019
1364,102013
9096,042019
15239,036012
1124,016099
9845,013102
3015,016100
774,001105
17126,036013
15311,033021
376232,048017
4537,048018
8666,038027
13938,065052
10675,060035
1207,036014
896,080034
11811,093021
1327,083021
2889,078055
81624,058120
1316,043019
7523,045007
1113,030039
8930,017072
465,083022
22659,089009
1509,090029
2898,064032
2867,111021
437,095080
192,002057
150389,071024
3239,062030
3036,031006
2329,001106
9530,051018
1394,062031
3170,022087
9117,044020
57082,054018
3770,026027
6287,011013
21031,053009
2326,098026
1054,083023
3831,091024
438,007028
2820,060036
12613,093022
2934,064033
1966,037026
7059,034015
5695,026028
2627,003066
1099,002058
261,010024
557,005054
8042,028038
5915,026029
33749,058122
324,066043
1295,060037
784,061034
571,016102
5645,034016
3162,025022
3199,057029
1202,044021
1233,062032
795,014029
870,095020
1932,076033
3095,016104
1741,030137
5253,064034
18113,063031
13295,040013
118184,040012
648,094020
439,103031
13477,058038
38401,059008
1044,019044
34711,036015
489,002059
1323,022089
1918,094021
538,030040
911,030041
569,030042
3390,001107
6011,034017
3414,016105
7169,046013
365,018064
887,083024
573,046014
4734,045008
713,066044
6298,069033
4160,027015
5992,027016
1246,070024
24530,004089
2741,054019
9349,041015
7037,027017
690,024041
741,004090
1600,004091
317,006069
5130,073006
999,062033
1757,062034
296,069034
632,011014
26216,069035
1879,102014
509,006070
947,109007
3707,083025
36033,074008
2862,078056
1657,102015
12417,089010
4748,061036
439,006071
1160,018065
23029,058039
1993,078057
348,022090
1414,029023
492,006072
1371,006073
279,001108
271,004092
1883,036016
740,057030
2177,062035
2582,029024
29729,063032
16027,063033
908,041016
635,083026
2932,026030
937,069036
666,006074
3536,064035
9229,061037
736,005055
1696,069037
595,093024
1643,001109
282,041017
1237,041018
46006,060038
3027,094022
2855,001110
1944,006075
1603,006076
23147,048019
205,016106
4147,023035
2068,060039
874,069038
3254,083027
3863,083028
752,065053
1577,111022
8199,078058
8209,039011
571,014030
1120,065054
1805,007027
879,019045
1083,006077
5729,041019
459,007029
1942,019046
752,091025
3178,083029
9175,015103
4842,037027
3784,096026
246,066045
3424,086010
5096,075028
437,079055
588,043020
6040,026031
986,029025
585,004093
2712,052013
1361,091026
3276,021034
2408,083030
26709,075029
15345,075030
8546,097036
2512,040014
1280,098027
53954,012070
15674,003068
999,012071
183,018066
3631,046015
830,076035
5473,037028
7184,028039
1254,060040
2380,024042
20278,075031
340,083031
2071,061039
2449,091027
4348,028040
821,006078
4689,017073
202,018067
341,004094
4811,048020
1363,070025
3439,024043
292,069039
10705,040015
9937,018068
834,024044
1002,016107
5381,016108
1475,016109
6574,082036
664,006079
1435,003069
27369,015105
2507,097037
4141,023036
2671,017074
11615,017075
3074,004095
1777,003070
1807,021035
2827,017076
9552,018069
2701,097038
1259,009030
393,022091
711,013106
551,001111
1992,079056
9532,001112
5792,035022
9154,040016
5265,003166
7959,002061
12307,017077
1521,029026
861,016110
4504,006081
1924,058041
9302,012072
2621,091028
8619,053010
3021,020024
4631,012073
5020,016111
4294,028041
5275,023037
2082,033022
2256,020025
73787,085007
1125,099004
10756,030043
2882,012074
1707,042020
2645,004096
793,111023
577336,010025
304,111024
5509,076036
23839,058043
1047,013107
2505,080036
1781,082037
1210,058044
1425,018071
1181,111025
1145,001113
190,103032
3945,012076
2067,102016
156,014031
1333,019048
814,111026
8824,015106
1310,069040
1195,111027
3459,064036
18615,017078
3553,003073
2380,103033
4442,095021
6176,016113
836,002062
2077,029027
603,001114
2153,017079
3828,054021
664,061040
2311,082038
9416,083032
695,006082
27431,087017
510,090030
16441,001115
5227,026032
1996,111028
3949,081010
113,096027
5049,065055
1080,103034
1734,007030
769,070026
3207,079058
727,076099
22288,073007
1780,066046
27695,072021
3449,061041
7026,080039
6896,083033
1878,055014
19949,072022
2513,022092
1328,091031
5770,079059
2661,069041
1158,075032
125854,063034
1813,082039
1196,069042
23851,067025
1296,065058
1958,075033
5365,018072
26143,108024
1006,009031
742,022093
408,009032
3972,001116
6056,026033
3298,018073
1119,082040
10177,020026
2676,012077
189,018074
2492,090083
634,019049
4687,030044
463,111029
4929,111030
455,095022
6513,111031
753,095023
855,095024
9028,020027
1958,014032
710,058045
4082,026034
20611,015108
4953,012078
8381,012079
5186,016114
6556,016115
2165,012080
1547,016116
3688,038025
92,010026
268,004097
587,025025
5695,033023
129,004098
5134,017080
5538,003076
4919,041020
6400,031008
8049,031009
1296,056028
2603,098028
2214,056029
1515,096028
28860,063035
4584,033024
596,005056
12103,037030
2851,013110
1334,013111
1457,083034
1354,003077
1269,012081
4564,028042
2001,028043
4954,077011
6458,016117
890,082041
4144,013249
2758,018075
7827,103035
674,001117
25830,087019
43808,072023
6973,061042
616,005057
1551,057031
636,064037
351,002065
308,006083
3420,007031
300,007032
826,007033
13742,048021
3085,015110
10868,023038
600,013113
12695,061043
4423,003079
2142,022095
1611,078059
2016,004100
3894,037031
241,006084
1190,016118
480,006085
896,016119
1506,019050
4435,018076
2230,033025
195,001118
4440,014033
1634,014034
82670,053011
1001,001119
20764,058046
32006,073008
7888,064038
16163,044023
3261,109008
2604,056030
3044,080040
2155,077012
1904,064039
2766,027018
37745,001120
1710,019051
7413,016120
1657,076037
12524,072024
17923,063036
3750,024047
5569,075034
5852,054022
14831,054023
6478,035023
1669,083035
942,111032
5863,013114
1557,060042
1122,029028
336,002066
2674,098029
4407,079061
1775,055015
1607,064040
529,076038
1806,078061
4741,062037
8855,069043
984,070027
761,070028
1218,050015
3602,004101
2623,111033
15079,035024
306,006086
31591,054024
1634,015112
5150,070029
5990,020028
90801,058047
3953,036017
416,069044
193,103036
11418,111034
16765,017081
2698,019052
1156,007034
1906,017082
26490,111035
65,004102
2106,091032
5246,023039
808,090031
2494,097039
1187,022097
70111,037032
42716,008031
14568,048022
1069,012082
2142,005058
361,017083
10310,012083
45,001121
110,103037
2000,097040
646,007035
9230,013118
1481,018077
705,001122
8668,015113
4441,003082
11285,015114
2280,091033
128,017084
4660,077013
77,004103
1577,079063
20257,063037
2260,056031
4394,071025
9085,017085
2759,022098
21673,094023
2589,111036
1432,082042
2020,005059
1437,010027
1430,053012
4643,067026
11274,060043
551,041021
11566,023040
17863,101013
176,016121
1147,019053
3255,023041
673,006087
10299,024048
381,001123
464,071026
4123,017086
991,065059
5296,012084
389,001124
405,007036
651,016122
1368,007037
9195,026035
1569,083036
10776,059010
488,090032
8483,090033
23444,001125
1964,019054
591,079065
5303,012085
3170,091035
40327,042021
26678,027019
2800,038010
1852,102018
744,007038
70062,066049
1807,001126
8877,001127
11081,090035
109,007039
2777,004105
2040,007040
93723,011015
800,007041
1065,025027
4736,097092
6524,058049
367,057032
9124,015115
4846,063038
1782,095082
42090,058116
883,090034
390,080041
132,024049
905,013119
1415,004104
2426,078062
5313,076039
4866,038011
1790,009033
26057,015116
530,013120
1812,078063
801,078064
1315,050016
4178,016123
1137,069045
2692,036018
2499,013121
69871,079160
2812,025026
6563,084020
7438,047005
522,002067
34947,069046
549,003083
6534,018078
10461,034018
365,018079
5314,091037
13309,058050
1328,014036
5005,001128
1178,109009
1481,064042
6315,047006
1159,018080
13504,058115
6609,070031
221,111037
3667,082044
471,013123
191,024050
20509,048024
6613,051042
15080,073009
14053,074009
135737,059011
13456,030046
4289,076040
3926,078066
693,030047
4854,080042
12266,076042
1482,001129
1475,065061
3449,064043
12682,010028
8576,023042
1149,022102
13456,076043
6011,012086
8673,012087
516,017087
1377,065063
9123,022103
7044,023043
7791,108025
96404,075035
1593,066050
48426,097042
5275,022229
4424,016124
3729,012088
25526,023044
60335,015118
9058,028044
16487,001130
2388,010029
184,001131
11605,029029
718,083037
586,016125
832,002068
675,069047
23239,089011
2202,057033
12947,086011
8157,073010
8678,075036
477,004106
743,004107
6656,082045
9942,011016
817,006088
2219,003084
835,004108
5032,034019
6267,071027
8540,108026
1827,001132
2733,096085
3697,030048
676,061044
2821,083038
6222,063039
2842,068020
335,069048
5307,011017
3795,016126
14002,075037
197,004109
8117,022104
445,001133
2023,013126
1606,083039
35861,084021
4890,045009
925,058051
3037,087020
2126,097043
545,002070
6890,030049
450,007042
5322,025029
3483,102019
35436,108027
8068,028045
3917,013128
754,083040
1476,004110
1154,017089
711,070032
2830,018081
6128,064044
12884,083041
5999,013129
128,018082
4114,015122
589,054025
186,004111
45879,108028
1575,063040
6630,014037
1292,025030
164,013130
156910,049009
4317,002071
2507,098030
12037,075038
9821,073011
2180,037033
11096,009034
328,005060
1429,001134
10366,015125
4348,013131
838,016127
1301,091039
14188,072025
12367,080043
502,091040
45942,098031
7660,098032
332,091104
1665,017090
1622,091041
3829,017091
4296,037034
3642,090084
5098,097044
10060,013133
1747,001135
1066,001136
2105,018083
877,022108
5097,012089
11798,012090
16837,017092
1886,048025
670,094024
5604,024051
5219,025071
555,017093
1383,083042
7195,040018
2898,078068
1947,013134
555,057034
16482,024052
1168,001137
7661,028046
230,103038
561,025032
3409,029030
7351,068021
9372,026036
5892,051020
2281,043022
426,010030
611,017094
2134,091042
5172,016128
655,014038
391,017095
1267,012091
3054,028047
1340,025033
820,002072
1383,006193
898,056033
89989,046017
1735,084022
32413,071028
3544,051021
276,008033
647,070033
6139,066051
922,066052
3909,033026
350,001138
1430,055016
32375,039012
3609,024053
14669,012092
2749,013135
1359,091043
1516,010031
22146,017096
1659,111038
1505,041022
2427,018084
8397,011020
1112,064045
1859,090036
450,070034
5432,013136
2613,013137
2873,016129
2488,090037
9898,013138
15815,061046
258,022109
7266,001139
506,001140
611,030051
3445,029031
4652,024127
562,001141
1025,065064
1345,012093
911,016130
8976,035026
9166,078070
2594,012142
63,098033
1072,094025
523,070035
1755,094026
1157,001142
41309,043023
10302,061047
1988,041023
7507,108029
1483,017097
9722,091044
552,103039
38219,061048
533,014035
2833,019055
4059,016131
409,103040
2929,022243
3066,059013
1156,070036
111,017098
24212,015130
1652,003088
1747,018085
14886,054026
2176,004113
2216,004114
3598,066053
1424,109010
3458,053013
1501,058052
3623,057035
14081,075039
938,009035
417,001143
1490,020029
9269,015131
379,096030
2299,030052
633,095083
661,013139
2125,102020
6218,042023
800,099022
5553,065066
1368,098034
3503,017099
611,011018
5912,030053
1719,019056
9053,037035
920,030054
3663,023045
1984,017100
3122,098035
1379,103041
996,083043
1273,012095
4297,097045
758,078072
1088,009036
16802,012096
14894,024055
3120,017101
2304,044027
668,083044
78,006090
1735,078073
2209,022110
2641,080044
2505,091046
7228,053014
575,083045
2128,111039
2739,078074
926,058053
10267,097046
226,003090
31311,073012
5422,017102
13200,017103
56078,071029
1297,004115
1942,078075
3760,087057
11745,093025
3150,064046
6860,068022
5089,026037
3817,004116
741,014039
49563,020030
6416,030055
7784,058054
6891,016132
7432,001316
569,090038
7990,092037
17716,036019
3156,023046
799,058055
1790,030056
3425,078076
3113,078077
5272,036020
1636,003091
9503,024056
246,005061
5014,076044
6161,015134
6560,020031
410,079071
7207,058056
66,057036
4277,017104
3599,012097
2120,049010
1974,049011
3448,051022
2514,018086
17727,027020
3124,021047
3330,004117
9634,026038
1296,001144
379,005062
1416,004118
11754,110005
366,097047
792,020032
25011,013143
1477,031010
1761,085008
7920,063042
29890,063043
45344,058057
3176,047007
652,017105
7815,020033
7931,012098
3149,017106
1421,080046
14122,024057
3040,048026
4795,095025
224,004120
83010,081011
18566,054027
4019,076045
5614,076046
3395,056034
8853,075040
21637,027021
835,021049
6891,030057
2062,019057
1635,075041
48759,073013
10738,016133
728,004121
16298,067047
1026,079074
486,090039
514,080047
1775,098036
5299,073014
6849,037036
1685,018087
2117,061050
1662,064047
978,078078
346,012099
1273,111040
3630,015136
14434,087023
32170,087024
1582,076047
307,012100
5141,026039
1462,103042
9371,026040
9164,028048
1772,028049
2295,038012
1352,006091
3342,013144
3629,010032
69216,045010
1424,066054
5267,063092
7946,047008
927,109011
10602,039013
8320,053015
3708,054028
32762,073015
4451,098037
6104,028050
548,096031
54,001145
2065,096032
1663,044029
140,022112
109,009037
1109,003093
121,103043
1045,095026
9578,043024
60427,077014
3899,001146
11355,075042
1078,070037
669,001147
51858,081012
12577,017107
3094,058058
11408,085009
4002,087056
1496,083046
559,022113
998,014040
4170,001148
825,001149
1734,091047
23666,108030
974,031011
10932,034020
16818,037037
12248,015139
2398,016250
4103,020034
2932,026041
1858,028052
2447,003095
1744,029032
1280,006092
10022,040019
2641,010033
18270,015140
10097,075043
443,098038
17811,076048
5033,080049
846,080048
13632,089012
3436,101014
6996,075044
10865,080050
1875,064048
285,004122
941,014041
2216,075045
18790,015142
3133,013145
360,018089
174,008034
12321,084023
23418,058059
6326,027022
186,006093
14931,097048
1846,012101
1316,041025
1026,041026
22172,065067
6864,040020
1229,001150
11999,064049
2572,030058
998,042024
2144,103044
2608,028053
1723,098039
4097,013147
2347,083047
26496,074010
1826,014043
1621,012102
4220,015144
6725,038014
6244,101015
229420,083048
11659,028054
7971,063046
78,001151
4485,108031
894,022114
1063,018090
495,096033
473,018091
2552,023047
1501,010034
1343,018092
1600,022115
764,001152
5556,022116
2814,082047
161,016134
7368,022117
1228,003097
580,096034
3279,026042
799,003098
366,103045
116,057037
3458,075046
4778,069050
746,079077
3572,010035
3089,061051
1386935,015146
30927,083049
2874,085010
6591,102021
1517,095027
1241,083050
3297,009038
1761,017108
5285,087027
4599,023048
8857,037038
3572,075047
2676,065068
21737,059014
1931,046019
503,009039
38664,027023
4498,087028
1281,006094
2123,070038
3894,018093
972,094027
24195,036022
27433,027024
929,083051
13706,099005
2975,016135
5598,108032
8791,097049
547,076049
50235,087029
4529,083052
511,005063
2466,010036
186092,036023
54286,088006
4466,040022
155,095084
37814,072027
2640,022118
484,097050
1681,030059
5486,020035
4450,043025
27814,026043
451,095028
4072,095029
1665,030060
205,016136
1871,065069
220,004123
25139,072028
2068,006095
1030,046020
59108,072029
369,066055
1506,062041
15631,037039
618,008035
590,006096
158,070039
3753,076050
93,002078
2397,080051
3589,097051
1596,013152
201,005064
260,004124
2094,041027
1035,005065
602,004125
402,001153
988,006097
2144,005066
2492,003100
646,001154
499,057038
208,006098
481,070040
1005,005067
908,005068
329,001155
1288,004126
84,004127
1384,004128
4401,026044
4607,111041
57862,001156
2845,005069
33,001157
195,006099
586,004129
873,034022
1391,002079
892,005070
1372,099006
3760,041028
14357,041029
22470,004130
30604,061052
2714,010037
620,004131
28979,031012
2016,004132
2623,083054
1315,026045
872,005071
3721,037040
148,006100
570,083055
3822,096035
1535,078080
2375,013153
2619,017109
564,006101
532,017110
48761,072030
39333,082049
631,109012
4576,044031
3317,042025
17384,028055
19812,092109
21139,047009
323,005072
251,006102
935,005073
1043,070041
2981,014044
9033,028056
1493,083056
387,064051
3583,048027
2171,083057
6972,077016
5862,052037
247,006103
629,006104
537,004134
848,004135
740,005074
712,001158
10785,047010
1000,001159
2489,084024
498,008068
1985,044032
8987,056035
3397,001160
894,018094
20583,078081
5220,001161
2263,098040
742,004136
5292,013154
1644,109013
2397,094028
1742,079080
905,069051
12463,053016
1505,054029
113,043027
658,041031
2296,019058
2826,024063
12689,063047
761,109016
1122,041035
1699,017111
1901,097052
2824,041038
8722,058064
338,109021
3054,042029
2000,056037
6314,059015
1506,065075
12508,060044
7666,043031
2352,109023
10906,037042
8724,051025
6799,042030
12212,071033
1130,054032
8098,109024
411,109025
694,109026
1566,018095
940,068023
6148,080053
79,069009
6539,024060
31509,026046
228,010038
2752,041030
527,018096
4391,046021
1904,042026
6997,043026
315,006105
4954,055017
1678,050019
20811,047011
4329,023049
10491,035027
23553,024061
5084,024062
533,006106
1279,005075
11067,034023
1276,070042
1070,041033
11020,065072
12576,065073
7395,043028
1270,103046
913,036024
520,044034
1456,085011
3243,064053
5502,054030
407,109014
1421,062042
1454,070043
3409,043029
2573,041034
119,069052
13210,056036
993,067027
2232,099008
2144,036025
1231,058061
9067,023050
11714,064054
1298,055019
2206,064055
1270,064056
3414,024064
1811,024065
460,044038
302,006107
1713,078082
6653,109017
12743,109018
1002,099009
1501,012103
2322,005076
118,008037
11570,028057
5460,073016
6886,041036
2136,058062
1422,055021
364,109019
991,071032
582,054031
110,090040
1201,057041
6036,082050
5249,058063
7608,064057
3303,016139
338,070044
479,004137
14337,048028
3561,043030
3173,082051
1124,005077
229,004138
2753,064058
297,006108
3788,073017
220,013155
522,051023
5187,064059
1515,076051
324,070045
564,044044
18988,100003
1167,076052
493,030061
6319,070046
517,094029
644,069054
2448,069055
5720,079081
2342,073018
12946,044045
13895,052015
1721,051024
2358,066056
4299,093027
6204,037041
10061,052016
2099,094030
9085,052017
13791,075048
4861,056038
1421,011019
2863,088007
1609,102023
41809,058065
1301,053027
2154,109022
2650,075049
6460,065076
13432,062043
9510,077017
431,018097
386,103047
2166,050020
6895,099029
3274,036026
282,018098
54715,068024
13511,048030
859,001162
1606,004140
2846,084025
24419,051026
2699,097053
768,050021
2829,024066
232,004141
2390,090041
1714,040028
4546,017112
5252,033027
709,018099
4175,097054
9065,024067
2372,004142
26204,017113
1530,052018
1170,053017
1580,005121
10360,045011
5114,017114
1757,007043
2487,019059
2032,010039
1612,054033
11178,050022
2634,013157
7873,067028
394,070047
2030,058066
19695,064121
3084,024068
450,095085
4687,004133
1662,018100
1932,012104
124193,108033
5012,020036
6395,037044
4218,078083
1375,006109
188,005079
4274,012105
12432,014045
418,006110
3200,075050
7147,099011
4778,062044
4660,037045
2491,016140
1898,090042
552,109028
4073,004143
940,033028
4456,026047
2125,007044
693,095030
9949,022123
2825,026048
1088,015150
1400,066057
847,001163
8733,058068
2803,078084
4997,012106
730,006111
2950,016141
614,018101
3260,060045
2012,004144
1188,064063
1820,042031
3600,067029
345,057045
576,070048
2704,093028
631,006112
15636,018102
2484,030063
757,019060
1635,064064
9238,067030
3163,068025
1549,031014
1462,096084
865,019061
823,083058
686,083059
746,002082
10807,026049
680,071034
6035,080054
12264,087030
8102,015151
1160,078085
1359,096037
2563,020037
15740,073019
2449,069056
4514,016142
8005,023051
7426,016143
863,043034
5197,064065
35363,063048
5793,098041
2408,045012
772,017115
5252,111042
836,004145
952,004146
1357,006113
2422,052019
4926,075051
5240,076053
842,090043
2680,017116
1526,111043
11496,027025
959,013160
7624,024070
10194,085012
2456,030064
602,096038
2869,022124
2000,021055
3118,024071
969702,063049
1744,095031
3163,111044
1219,102024
31417,075052
18849,055022
7375,084026
3533,004147
174,009041
3734,083060
10826,017117
527,066058
1367,058069
2208,010040
1813,003103
17097,023052
844,010041
3474,004148
11528,016144
2009,058070
1429,076054
641,095032
5453,067031
1920,058071
6617,026050
17113,015154
204,057046
1201,013161
982,096039
50624,058072
5216,075053
3579,034024
369,004149
2027,017118
816,003104
3693,097056
47850,001164
7501,087031
290,018103
13426,086012
6176,102025
360,004150
1011,004151
2637,030065
2995,086013
3645,083061
10338,005080
16184,027026
113,001165
361,078086
1826,068026
45804,065078
24401,065079
4782,079087
5671,054034
12996,034025
18741,072031
2224,075054
807,076055
8406,023053
2072,022127
3757,023054
26440,072032
34807,063050
6859,001166
2578,009042
283,001167
1335,022128
16150,036027
8050,001168
854,103048
293,091050
1215,095033
4708,054035
3959,059016
6565,067032
24207,089013
2013,021058
23429,108035
4005,021059
7119,099023
1104,022129
534,001169
104270,003106
1261,083062
1899,014046
20091,015157
4978,024073
2856,013163
3622,022253
13724,035028
989,004152
7017,027027
11527,028058
9039,024074
10077,036028
28421,006114
2326,065080
4599,015158
411,004153
789,090044
462,095034
1349,090045
2709,090046
3803,042032
36186,091051
1783,095035
852,111045
1214,111046
2479,111047
334,095036
2109,111048
2993,007045
4079,064066
3927,017119
4766,017120
1529,111049
3868,096040
2706,096041
12019,029033
1279,006115
1130,066059
435,006116
256,006117
20706,026051
1931,017121
2047,042033
6099,019062
4913,044054
4072,017122
875,103049
4323,012107
9205,097057
1486,001170
2299,065081
60534,090047
794,002088
220,002089
14220,003108
2177,003109
724,018104
6675,058073
6729,065082
11738,013165
6507,097058
12601,012108
7074,097059
6932,091055
162,018105
520,079088
2114,083063
3704,065083
1243,097060
388,077019
117,006118
1187,095037
1267,091056
162,007046
4173,090048
943,019063
500,016145
74,005081
995,016146
147,016147
2390,013169
797,091057
3217,017123
15252,103050
959,056040
367,091058
84,004154
594,016148
722,091059
904,091060
981,017124
908,016149
219,009043
14131,015159
10156,023055
5077,080055
2829,091061
1691,070049
23432,001171
14719,053018
618,050023
901,009044
2899,071063
536,010042
3058,024075
4160,091062
1278,066062
7897,012109
836,012110
1719,016150
775,001172
2013,098042
2006,078087
3848,056041
31722,095038
1528,004155
4530,026052
5122,108036
3411,103051
147,016151
7047,091063
1975,091064
2155,111050
3877,026053
406,006119
2592,071035
2708,013170
3766,069057
1211,078088
17225,071036
1346,003112
891,111051
9684,056042
2353,075056
746,109029
869,051027
4829,021061
22857,069058
444,066063
1588,009045
1764,066064
1103,091066
2253,091067
391,057047
12548,017125
2458,017126
1151,001173
914,001174
3172,090049
224,091068
451,009046
2935,090050
35193,042034
743,091069
5319,016152
12606,016153
4776,097061
2847,030066
799,022130
2147,064067
5602,028059
1983,098043
269,025035
15026,017127
1433,098044
841,022131
5667,090051
1529,017128
4327,015164
5874,038017
2884,019064
6625,020038
6556,042035
3198,042036
31239,074012
5871,075057
1792,055024
2254,091070
679,065086
23683,063051
611,006120
1105,018106
465,033030
3348,001175
11273,006121
1843,030067
1211,006122
1203,066065
1609,091071
206,007047
1205,001176
10399,090052
13838,037046
1409,006123
1439,015165
2705,111052
6213,083064
11276,081013
1136,066066
22821,089014
973,054036
4739,017129
199,006124
3842,097062
47847,015166
3689,017130
1417,019065
212551,028060
635,090053
2107,090090
5356,065087
3792,062045
2690,004157
22125,026055
35409,065088
158,057048
2096,016154
4200,069059
5147,030068
571,004158
348,097063
2383,062046
178,017131
2134,017132
4074,016155
2134,036029
7783,073020
15906,073021
16337,087032
4559,050024
1086,034026
1648,070050
4456,090054
4503,016156
1941,082052
836,001177
3861,019066
8508,089015
2938,030069
20280,017133
1191,002090
1124,048031
661843,082053
22673,058074
1865,018107
8194,060046
2301,080056
1066,101016
1158,103052
918,009047
16527,063052
22540,084027
5448,030070
1436,075058
1508,095039
18650,080057
177,044056
21236,072033
989,069062
3904,065089
5772,016157
1026,078089
2068,030071
1259,023056
164,022133
2088,001178
309,018108
828,022134
9062,019067
5531,054037
2132,062047
753,071037
7707,081014
2084,062048
665,078092
1438,029034
28213,015168
8931,075059
4839,017134
3853,021062
431,001179
2086,078093
12046,061054
542,006125
1290,102026
195503,034027
643,006126
206,004160
651,064069
1927,018109
492,055025
2700,016158
10347,081015
31458,082054
2186,003114
352,016159
7757,093029
595,017135
427,005082
5696,054038
7030,017136
1289,060047
3153,023057
1285,006127
1988,097065
3296,076100
1382,078094
47215,087033
3154,060048
2986,090055
13086,083066
1660,075060
293,095040
2476,030073
583,111053
2167,095041
11335,015169
1696,062049
1131,001180
73622,018110
5526,030074
3840,001181
2743,017137
17919,036030
4763,050025
225,001182
1201,006128
4078,001183
14894,087034
2836,109030
4408,025036
730,024076
7388,026056
38,014047
770,078096
6009,016160
186,013178
662,041041
7010,020039
1780,016161
1840,022136
7724,048032
964,003115
11164,065090
782,022137
395,022138
459,005083
1087,055026
1697,067033
2719,099024
220,069063
440,069064
12125,068027
1567,069065
354,025037
1832,091072
1382,111054
1770,065091
658,066067
2349,090056
21589,022139
5924,041043
835,008040
882,065092
917,097067
274,004161
111,004162
471,007048
3831,028061
11364,015170
3176,001184
523,001185
613,001186
3347,019068
545,017139
613,017140
672,065093
761,001187
166441,054039
95058,041044
3434,046022
17513,023058
1531,019069
2136,066068
2225,097068
4464,071038
23691,015171
11014,023059
19624,047012
3992,066069
1941,062050
1133,066070
839,094032
1764,076058
257,094033
1978,057049
488,068029
1478,060049
9063,015172
619,001188
3766,070051
8897,101017
3154,082055
2674,082056
1119,057050
1110,070052
2802,041045
1900,043036
2245,109031
1074,079094
8190,081024
303,064071
1353,003116
1496,096042
1292,083067
1401,066071
1517,029035
5576,004163
1300,002093
1477,017141
347,004164
103587,033032
1275,028062
3986,019116
1279,065095
4737,017142
788,009048
2257,061056
4126,052020
4695,017206
2103,041047
1395,078097
8590,068030
1066,013183
2216,033033
2515,019072
15442,001189
2151,024077
2109,004165
1448,016162
12403,027028
12881,063053
2616,079096
17609,037047
1982,056043
1404,014048
1046,016163
2753,004166
2157,014049
502,096043
2233,046023
1203,016164
390,016165
11186,028063
90,016166
1338,068031
5744,076059
1162,060050
2758,060051
564,005084
177,096044
10665,061057
6585,060052
1499,103053
3518,054040
2045,052021
1129,019073
809,018111
8542,009049
905,006129
667,094035
446,008041
246,067034
1289,070053
2185,064072
132,069103
1222,078098
4003,076060
2055,054041
4648,061058
2604,071039
475,068032
1065,078099
6654,086015
76,004167
523,062051
622,041048
23686,046024
1449,064073
2892,061059
3031,062052
9244,047013
1280,019074
1862,018113
6688,026096
1438,022234
3785,025039
7128,037048
12040,026057
1351,008042
15965,015173
1743,098045
2423,046025
2520,010043
2676,018114
1599,019075
3079,051030
638,022142
1362,043038
2516,103054
2321,036031
4492,060053
2505,060054
5882,061060
6893,076062
544,011021
236,013184
143,002096
1157,111055
5987,063054
1714,018115
2936,001190
1144,029036
36306,001191
14956,067035
216,005085
8508,001192
1534,093030
3035,022143
1885,041049
1404,004168
3897,001193
186,002097
37194,015175
33420,049012
9587,028064
1043,043039
18479,001194
20140,028065
8275,024078
606,005086
610,033034
983,004169
3882,083068
91860,050026
823,003119
3361,001195
848,111056
7935,017143
90907,047014
3751,053019
1725,020041
1921,014050
1356,001196
708,018116
6435,019076
9260,102027
4473,066072
314,094036
1075,102028
1117,080059
698,078100
2018,079099
3804,080060
839,013185
4449,090057
643,009050
3345,004170
2437,030075
2141,045013
9153,033035
4102,060055
5937,075061
29076,052022
10046,100004
1274,057052
2613,071040
6441,057053
1082,066073
9922,038018
673,042037
622,094037
5236,099028
96,054042
848,069067
1447,081016
1366,072034
1866,014051
8387,015176
693,013186
1601,016167
1393,003120
10350,001197
4275,024079
3184,093031
3903,029037
3197,034050
2327,058078
918,102029
17839,072035
1631,036032
10365,080061
3149,082058
5319,065097
1520,007049
13362,063056
6423,043041
2339,065098
2903,082059
2125,096046
2135,069068
1129,004171
2705,017145
3339,028066
4595,042038
5619,050027
992,001198
352,006131
2447,022144
2173,003121
65545,058079
40492,063057
25049,063058
860,008044
3764,017146
1724,020043
237,095042
5196,017147
3777,096047
232,013187
15649,050028
2394,028067
3224,001199
3688,007052
20831,048033
174,007050
2503,062053
8881,047016
4616,033036
1759,017148
8324,026058
2278,014052
4377,013188
8159,025040
787,018117
1745,016168
13510,028069
11584,016170
1345,030076
26526,065099
2205,029038
165,004172
12783,060056
3522,006132
2331,008045
29536,050029
2097,062054
1612,061061
3749,028068
6556,033037
6833,016169
1397,006133
7026,017149
801,007051
589,006134
2356,020044
3354,016171
15104,059017
5022,016172
6911,017150
7102,045014
1661,109032
333,006135
1139,058080
12896,026059
1001,006136
4916,068033
6135,051031
1924,055028
8976,046026
15179,093032
4964,013189
700,008046
2541,030077
2030,005087
1474,018118
1059,001200
1811,022244
7909,061062
773,040031
1172,080062
3769,049013
2967,012113
6320,075097
16144,084028
16688,020045
12776,043042
16149,109033
9449,029039
22302,090058
2364,012114
14144,029052
756,026060
2405,070055
12033,049014
385,010044
24940,027029
11647,038019
3884,089020
5002,111057
3469,011022
1186,096048
3104,091073
560,024080
2217,026061
619,057057
1012,060057
677,014053
2058,065101
566,002102
66454,076063
15931,043043
3119,024081
5216,026062
7282,023060
7316,035029
5493,030078
310,057058
1474,019077
19352,088008
2279,094038
6295,015177
288,006137
3552,017151
2800,024082
4624,006138
2539,090059
3534,028070
79962,063060
6986,030079
8606,015178
4604,016173
3596,030080
230,004173
777,001201
6681,078101
2012,065102
252,001202
1905,001203
2363,096049
4667,027030
230,001204
705,002104
1293,001205
491,006139
751,001206
2955,014054
474,066074
8370,093034
2971,064074
513,001207
194877,100005
884,030081
1869,003122
7437,066075
3704,064075
5583,051041
3504,093035
2115,096050
173,004174
1466,030082
703,054043
6723,022230
6300,040032
4528,022147
1886,016174
1960,006140
17168,026063
7397,015179
482,008047
2210,097069
4035,030083
774,103055
555,103056
758,040033
1085,016175
1915,103057
247,030084
743,030085
1535,017153
1745,061065
4919,016176
2506,023061
876,069069
6983,017155
926,066076
517,004175
1071,065103
3771,036033
2267,097070
5407,022245
1992,004176
687,004177
11700,089021
14014,059019
542,056044
10430,063061
127,010045
938,013192
1186,059020
7253,017156
885,017157
105,070056
434,004178
1022,007053
3466,017158
1345,062055
7374,092050
871,030086
11417,073022
1722,016177
721,090060
26547,072036
1867,064076
331,001208
25710,063062
164,005088
2043,096087
1386,006141
250,103058
384,103059
4015,002107
26746,047017
4083,007054
41646,063063
8097,027031
71033,092051
13129,092105
346,001209
1588,006142
13253,035030
3149,025070
7077,009052
1023,001210
1126,020046
902,019078
9949,026064
395,002108
5849,024083
6267,017159
5559,020047
1345,022150
10895,075063
9840,004179
1555,052023
3064,087036
1071,052024
12576,084030
4053,087058
2839,030087
73442,088009
2720,066077
10846,087037
933,012115
1312,012116
10507,087038
5976,016178
1229,016179
552,008048
1982,109035
29764,010046
1251,069071
5367,052026
4243,076064
913,076065
63,002110
291,014055
11206,084031
6233,036034
503,030088
2492,065104
159598,039014
445,030089
1265,061066
711,103060
411,018119
4878,030090
7854,061067
21230,043044
9651,010047
941,003129
6258,024084
1056,018120
1244,020048
1581,005089
1700,026065
6997,086016
16587,048035
179135,080063
171989,035033
9138,035032
1154,062056
770,083070
6161,030091
3410,017160
4088,108037
9505,026066
941,030092
277,030093
1563,018121
4258,004180
781,005090
2158,026067
13574,017161
311,008049
51659,015182
83,007055
173,007056
556,009053
10652,058081
2276,061068
18642,084033
49,001212
645,006143
5065,070057
35560,099013
3618,011023
1737,019079
1116,065105
11011,026068
10981,085015
46578,057059
1053,004181
10435,058082
1957,071041
8728,048036
389,030094
151171,099014
3473,049021
6098,035034
748,058083
2111,095043
5698,039015
688,036035
1457,011024
12896,076066
1047,094039
4056,069072
481,070058
1665,076067
3092,070059
993,019080
3410,019081
527,019082
1617,050030
4093,044063
845,043045
5236,060058
14613,087039
109,004182
17590,022153
7660,038029
896,016180
2878,008050
4782,001215
1166,001213
1394,006144
20217,001214
616,025043
5304,018122
2590,001216
12456,001217
1964,019083
2493,020050
409,006145
1593,001218
440,002115
2391,030095
2684,076068
7024,033038
6248,030188
677,066078
1172,057060
48681,001219
2209,023062
8198,019084
7818,080065
4220,024085
99,004183
95,004184
2336,002116
383,005091
3042,001220
6380,097071
5874,018123
4817,015183
2280,019085
541,018124
6820,015184
487,005092
2274,004185
481,004186
1721,001221
185,058084
132,004188
899,005093
932,060059
3088,061069
1608,004189
85,018125
854,066080
493,066081
1410,066082
5593,101019
17592,058086
1482,006147
3330,078103
182,066083
1207,025044
12358,058088
1863,040036
810,064079
2300,069074
499,067036
958,058089
782,057062
217,018126
3307,101018
2898,034030
1547,004187
638,066079
7035,065106
186,083071
1949,044064
390,080066
123,006146
2152,004190
1817,073023
4792,017162
1650,065107
954,053020
4107,083072
895,094040
1439,082061
938,068034
2406,082062
8910,065108
6931,063065
1623,066084
843,061071
1158,069075
7306,060060
1122,059023
515,094041
745,004191
1235,069076
8867,053021
1057,083073
393,005094
765,009054
2673,004192
672,070060
603,083074
1126,094042
164,004193
680,011025
452,061072
216,006148
345,005095
1759,071042
1428,005096
4590,015185
1652,004194
412,004195
971,004196
9877,017163
3570,071043
5293,020051
1999,083075
1474,065109
3129,097072
7219,078104
5552,078105
621,018127
3881,016182
553,014056
683,058090
95,069077
1013,007057
2029,001222
4046,035035
2823283,058091
384,065110
3906,003130
668,018128
529,090061
3137,019086
2666,001223
14285,024086
20824,016183
3713,031015
4449,102031
5627,003131
6547,083076
1720,013199
14708,026069
9463,017165
2926,022156
4791,108055
11917,031016
443,022157
2004,030097
8627,056045
5960,023064
1483,096053
3525,108038
300,001224
4219,010049
438,016184
6943,020052
3406,040037
790,016185
59,010050
1902,001225
555,002118
999,022135
447,022159
862,096054
234,001226
14762,080069
566,018130
5833,015188
90,096055
3999,068035
686,065111
204,069078
1926,078107
26173,067037
1037,071044
30974,049017
1514,006149
6295,029040
21135,089016
1950,042040
176,002121
839,004197
2645,010051
5005,001228
14486,024087
918,016186
1060,078109
844,044065
1150,070061
3373,076070
2537,077023
12306,033039
654,024089
787,001227
927,002122
19495,017166
507,010052
7945,013201
6248,013202
8692,020053
2637,023065
1611,023066
5974,093036
39956,022161
1650,022160
2082,023067
889,018131
4121,016187
1326,058092
3130,078110
4930,028071
42680,015189
4498,017164
16526,028072
2373,001229
14868,035036
2859,030098
773,001230
9635,075064
355,004198
407,022162
7212,048037
655,095044
3476,076071
12300,039016
18580,072037
805,065112
1770,061073
1041,076072
25167,072038
20558,059024
3965,017168
4178,020054
458,065113
4933,028073
20056,093037
7846,058093
926,111058
196,095086
1606,096056
2183,031017
187,022164
3517,007058
374,007059
1375,007060
315,007061
194,007062
3221,007063
337,007064
4587,007065
5684,034031
589,096057
8489,037050
509,013203
334,006150
1122,029042
209,002126
1870,001231
623,001232
635,070062
4029,006151
501,004199
3360,017169
171,004200
10343,081018
474,001233
2638,098046
134060,065116
6692,026070
105,002127
8029,075065
1257,004201
3828,023068
280,068036
717,004202
20008,034032
3082,012117
3043,099015
3907,002128
1918,096058
17562,004203
4630,075066
1135,019087
519,065117
75,001234
720,064081
12965,027032
10631,017170
5051,111059
1622,111060
5695,084034
1530,047018
878,058094
86,004204
6215,072039
768,080070
2886,014057
543,022165
1567,001235
1005,004205
2936,095045
4565,062057
999,013204
1225,111061
2209,019088
1073,029043
164,004206
3870,066085
47436,044066
97,066086
6974,020055
1490,078112
4196,037051
6041,001236
1314,103061
1267,008053
13062,026071
3051,084035
312,060061
159,070063
21554,023069
924,069079
4127,102032
6193,031018
4023,001237
1581,052027
17014,048038
1991,075095
16391,058119
8076,075068
6518,036036
1274,076073
958,076074
13746,061074
6590,065118
480,018133
5661,099016
7431,015191
355,001238
2620,010053
2573,087040
602,078113
644,076075
2140,102033
4639,041051
580,006152
644,018134
8322,005097
8013,030099
1357,019089
3267,078114
1930,066087
528,001239
6404,074013
5613,075069
1232,078115
32741,015192
1993,060062
42053,027033
2808,076076
17366,061075
10376,059025
3485,017171
599,070064
10822,036037
5136,080097
14107,110007
7876,013206
2576,078116
6941,083077
6910,026072
1847,098047
4943,001240
3475,083078
8489,111062
3978,018135
1740,001242
1526,002131
2677,017172
1411,070065
1534,020056
354,014058
287,002035
3163,001243
7793,052028
3239,043046
3131,060063
1370,078118
11902,020057
2574,001244
10039,062058
4599,093038
10209,028075
1063,018136
7423,030100
8920,037052
6409,028076
14725,073024
2918,062059
1112,077025
1219,006153
3031,080071
5604,033040
110,005098
6741,015194
985,001245
3737,065119
6104,030101
4738,016188
1252,020058
3561,022250
7744,084036
5023,023070
1935,019090
16607,078119
540,070066
9471,099017
28277,037053
3221,060064
23898,087041
149,069080
25431,023071
27192,071046
6016,111063
14403,069081
16937,051033
964,070067
1038,070068
39168,015195
31264,050031
8471,082064
11060,054044
3323,001246
1099,048039
1509,058095
11810,087042
916,061076
1599,025045
32551,037054
2896,099025
1071,030102
3004,062060
2202,062061
576,078120
3257,078121
1574,022231
3242,041054
1537,031020
2077,062062
2082,056047
3581,080074
6305,078122
746,062063
1148,064082
14952,061077
2007,042041
7914,047024
7403,078123
1896,083079
3198,062064
6637,061104
923,071048
1437,093039
662,005099
15829,023073
823,001247
704,076077
1719,020059
413,019091
983,078124
13133,028077
3858,029044
4719,070069
8229,035037
3755,098048
1213,062065
6511,018137
910,069082
4907,064083
9108,073025
1019,005100
824,070070
10265,001248
3012,003133
869,065123
1394,077026
2061,101020
12119,040041
18982,001249
11813,027034
3925,022167
3130,087043
2498,064084
1896,004210
6239,074014
28090,050032
1646,024093
865,062066
745,003134
296,013207
14798,071049
1983,078125
760,064085
753,101021
3661,062067
2618,095046
730,111064
9547,074015
4510,017138
225,076020
3417,063069
5795,016189
929,042042
1205,005101
4804,016190
2001,031021
2723,083080
2732,083081
4018,079114
2112,030103
1621,079115
444,094043
1587,025047
1079,080075
5153,026073
3029,023075
510,078126
12951,023076
12681,037055
843,033041
4438,028078
3511,075071
884,061079
1960,003135
1593,024094
1443,001250
13376,074016
3038,028079
680,066088
6244,035038
2843,058096
4956,026074
470,070071
253,001251
3482,036038
526,080076
2608,052030
4258,093040
3103,001252
1633,080077
3485,098049
1387,046027
1693,065126
1221,083082
4203,006154
4001,062068
19963,069083
8980,063070
572,006155
1894,001253
3640,001254
5787,034033
1445,076078
12287,043047
52229,071051
1577,064087
1408,079116
2100,078128
8376,111065
12898,027036
5045,090092
611,025049
1908,068038
9977,026076
2474,095050
6688,049018
2118,078135
2174,066092
3624,111066
15223,093041
1253,030105
18892,074017
1930,025051
1707,030106
3584,024096
4840,081020
3240,058100
1684,079122
2571,060070
8383,015201
1464,023079
4465,015202
555,018145
7434,026077
1469,075067
2640,096059
8439,024091
2347,004209
3059,004208
3725,001241
1513,012141
1277,078117
4107,023072
8413,111067
5214,018138
9856,072040
5836,075070
54990,008055
15595,051034
1380,094044
7433,037056
10889,062070
586,080079
12269,083084
1874,071052
2075,099026
392,006156
9542,087045
2887,039017
8964,063071
2372,004211
971,018141
1566,087046
4730,001255
12017,023077
942,060065
27134,063072
557,054045
1814,079118
1412,060066
1412,064089
1731,111069
4301,062071
549,065128
736,064091
749,064090
2203,061086
4083,064092
363,094046
2940,083088
7233,028082
3964,041057
1354,076079
329,070073
13379,098050
5008,058098
2721,111070
2540,023078
11186,111071
4225,001256
19724,063074
1494,090085
1871,060067
6206,076080
498,062078
2813,065129
8928,065130
2563,028083
299,094047
1690,070074
5958,060068
17290,109037
262,068037
3856,080081
11355,035039
1408,080082
1515,041058
5790,010055
5245,067039
3881,016252
2955,102036
3661,058099
1134,022168
1936,028084
542,016191
2126,079117
5057,085017
3024,075072
823,080078
1966,018139
992,082066
2019,021085
11044,088010
877,062069
14624,050033
1205,078130
894,083083
2566,053022
11213,082067
1608,018140
4791,095047
6807,025048
7283,028080
1644,050034
9195,026075
1408,064088
6263,084038
476,018142
9006,010054
13232,050035
14529,061082
32984,061083
1381,090087
5036,078132
2297,018143
7685,087047
17724,027035
2165,097074
2059,069084
11853,063090
2620,061084
2302,030104
1293,103062
4114,042043
882,083087
19025,058097
4967,081019
1252,064093
1981,101022
4125,040043
2388,078133
9446,083089
5368,090063
8568,087048
2841,004212
1296,109036
3292,111068
22264,099018
1153,066089
10750,001257
26285,072041
8481,002133
6952,059026
2097,008056
3877,004213
1033,010056
4593,083091
10039,011026
1715,078134
1899,098051
4374,084040
1376,004214
5048,015200
412,065131
1272,060069
5742,024095
2317,095049
2488,065133
925,022169
10470,028085
3845,083092
3553,078136
5275,024097
1425,076081
4002,111072
394,006157
6759,024098
7190,021086
1164,006158
13361,017174
2916,033042
3049,026078
6828,016193
796,022170
39462,012119
4870,007066
5286,092066
3399,040044
4695,052031
1565,018146
22208,011027
126062,090064
1778,009055
671,062072
772,076082
14929,037057
4909,041071
1411,041060
7000,042044
40986,036040
3391,079123
2290,076083
391,030107
1103,001259
249,001258
15945,073026
16397,063076
21666,004215
1083,064096
9327,036041
17906,040045
3090,010057
871,017175
355,030108
1086,076084
60372,009056
3612,068039
50364,065137
181,004216
1520,065138
906,078137
909,018147
11476,078138
3278,001260
1975,083094
1132,064097
3016,101024
25784,035040
50664,048041
1361,019092
534,019093
1774,066093
1484,095051
10053,016194
637,094048
3897,053024
829,001261
2160,004217
12190,048053
3162,069087
1342,054046
456,054047
741,069088
2634,024099
875,013211
1157,016195
39203,024100
1144,020060
27297,088011
895,080084
1191,078139
615,082081
1468,001262
6144,063077
409,082069
553,066094
391,002134
363,002135
3819,066095
16596,087049
6903,075073
19167,027037
2808,066096
1410,022171
564,005103
334,066097
1859,075074
1950,098052
3748,030109
10227,025053
2044,095052
1302,090065
12498,015204
2498,016196
998,053025
9189,058102
1455,022172
36399,015205
1870,026079
29435,092068
1334,111074
2903,022246
1032,054048
1430,017176
7702,079127
507,025054
2556,021089
23183,028086
2022,016197
134,090066
205,018148
1009,053028
21508,015206
1741,095053
778,064098
1431,017177
44800,042045
440,095054
3165,013212
1874,098053
165,095055
7184,090067
4868,111075
1837,070075
2238,093042
12819,046028
2666,111076
45620,108039
2433,025055
25365,016198
2071,016199
7005,064099
3048,017178
7313,020061
10206,059027
6168,026080
487,014059
114,005104
505,078140
7739,010058
6535,102037
2640,042047
967,041061
3814,071053
560,004218
537,006159
9051,111077
8509,036042
294,065139
544,068040
916,043051
3118,063078
3048,079129
1477,020062
1045,043052
304,004219
11755,047020
5964,006160
4965,002137
3900,065140
4796,111078
645,111079
3035,060071
4428,079130
20942,061088
1260,065141
255,005105
711,094049
1334,011028
1251,051035
1859,021092
6388,093043
11169,012120
2248,094050
3236,019095
49122,048043
82384,015209
2485,036043
18277,010059
941,001263
21082,092074
7441,015210
727,060072
537,005106
20233,015211
469,001264
6840,092075
47176,001265
1549,001266
3126,079131
1240,111081
795,111082
23846,108040
1256,006161
24671,059028
369,022173
2511,060073
911,095056
801,095057
9676,065142
349,095076
3336,065143
632,111083
54060,052032
2325,054049
19155,048044
2054,091083
10232,026081
847,090068
3729,111084
1147,111085
1034,046037
559,003138
1940,006162
666,018149
15717,067040
312,095058
2197,095059
2627,083095
12561,052033
1678,091084
487,095060
535,004220
11541,091085
17736,092080
1987,080089
120200,089017
2841,064100
227,095061
4121,042048
2308,097075
2811,097076
7818,034049
1935,111086
6232,018150
1448,003139
347,109039
7159,023081
889,030110
121,095078
3195,040046
3998,075075
153,005107
1963,017180
1854,024101
14193,015213
4485,039018
930,019096
2349,095062
4095,012121
4713,013255
5458,012122
1016,008058
1870,111087
1652,006163
6996,028087
5351,075076
2708,020063
15618,036044
1728,034035
12414,064101
211,006164
3685,062073
1822,016200
2047,016251
3834,098054
324,004221
17934,012123
35033,063079
14830,023082
6340,004222
2743,004223
6677,085019
1170,018151
17826,023083
7631,019097
4086,014060
21564,014061
693,016201
1253,017181
7532,059029
698,096062
25724,060074
702,022176
4846,034036
3214,053026
791,079134
577,064102
12759,034051
1338,096063
3463,098055
8965,019098
1610,091086
3023,023084
4060,010060
1159,102039
2352,102040
8085,056048
1264,013216
745,003140
9144,016202
641,013217
353,095063
16149,063080
14832,090069
8430,089019
3039,019099
3123,025056
4292,024102
766,096064
4516,016203
812,022177
5333,016204
2979,079138
1511,079139
380,025057
10061,052034
8415,108041
7605,024103
1399,025058
1075,003141
4859,083096
817,102041
970,001267
4773,075077
8499,054050
719,086017
3195,059030
3785,064103
527,018152
6949,078142
4383,078143
1247,022179
1007,006165
2923,059031
12897,036045
12101,093044
1471,102042
1513,019100
6281,110008
27922,027038
608,019101
1224,070076
368,006166
7356,044071
6907,019102
1005,016205
1414,076086
5722,016206
37760,054051
19275,068041
3601,075078
1271,022180
712,022181
3676,009057
12390,026082
80,014062
3657,079142
13818,075079
2196,042049
1515,019103
223,080090
4146,028088
7343,031023
13571,073029
2395,006167
3020,046030
611,013218
2436,102043
2971,009058
833,009059
1196,022182
2236,075080
13332,016207
3170,029045
1295,080091
2539,080092
2368,057066
1593,090089
802,065145
5785,071054
4593,022183
7671,027039
11713,018153
272,001268
6303,001269
2365,060075
324,030111
601,022184
4809,103064
1927,006168
8796,063081
1073,096065
4794,055031
6427,101025
1192,002142
98,004224
3003,064104
614,018154
6419,051037
8829,058103
8657,061090
1107,111088
1766,097078
3826,016209
4353,108042
23329,066098
1958,017182
6125,012124
1541,064105
1028,095087
2762,003143
4314,075081
4846,060076
1615,075082
15000,075083
6259,001270
11810,026083
2044,020064
1236,085020
6677,056049
1268,030112
3046,049020
21334,020065
539,097079
147,095064
14033,008059
6656,066099
8157,029046
1555,006169
1750,025059
3715,012125
562,030113
1100,099027
4687,014063
978,091088
546,016210
1005,051038
3951,030114
1337,025060
10793,083097
2157,004225
195414,073027
8939,030116
16432,056050
197,014064
4339,026084
620,006170
1517,064106
2274,064107
15493,080093
11709,075084
14860,030118
801,001271
6003,098056
649,070077
2569,079146
5778,013222
2016,016211
1246,017183
11824,075085
932,096066
853,041064
7904,041065
12071,061091
7739,065146
4517,014065
2282,027040
7835,062074
5022,016212
2305,090080
1969,022188
590,022189
13974,090070
1118,017184
992,022190
2023,022191
9057,028089
1469,064108
53985,067041
471,003144
354,060077
1207,034038
605,090086
4506,021097
26518,072043
7387,083106
33575,070078
2577,012126
275,096067
111633,055032
8089,016213
45577,059032
697,022193
10137,095065
4913,078146
920,098057
1118,076088
477,080094
12212,051039
12720,082071
2659,028090
656,078147
2167,023085
3103,022251
10061,038028
5215,041070
4530,050036
928,006171
3915,091089
858,006172
2786,030120
652,022195
237,008060
2999,022196
318,056051
644,091090
3467,111089
12876,024104
24406,024105
2881,090071
464,091091
434,019104
1331,006173
2879,075086
516,010061
1724,005108
1211,017185
242,095088
285,066100
3683,022199
9000,014066
3744,079147
2399,090072
7318,076089
57138,058104
2126,034039
4354,035041
2505,068042
719,103065
16334,054052
2690,009061
19245,043053
2456,096068
4070,069090
10096,030121
3144,076090
8413,028091
1318,022200
2000,091093
797,005109
239,005110
529,024106
848,061093
4584,078148
6555,017186
683,022202
1845,065147
5326,074018
2028,064109
735,070079
6705,054053
573,007067
880724,001272
3019,069091
8235,072044
486,019105
917,003146
1697,069092
454,019106
3089,066101
1152,013223
1329,070080
2831,091094
1243,065148
951,090073
1622,018155
2961,001273
209,096069
41894,063083
544,018156
8726,016214
166,004226
605,001274
947,018157
2418,018159
2183,016215
317,018158
2985,068043
2092,019107
2466,016216
84090,063084
4790,027041
966,079148
754,014067
1248,064110
493,004227
2060,065149
1074,016217
4551,001275
732,004228
1962,109040
10408,074019
2085,030122
5859,024107
787,069093
3382,062076
6153,028092
7363,083098
17055,071056
4497,083108
48,004229
3545,018160
4224,069094
3070,023086
11762,024108
4865,060079
4194,073028
599,019108
1352,057069
1257,069095
2582,067043
826,018161
2226,010062
7753,034041
496,064111
7284,052035
1076,058106
11070,091095
27393,006174
496,065150
12057,067044
6078,083099
2724,030123
7722,017187
1268,067045
638,014068
2528,009062
10473,082073
18967,012127
944,095066
1487,022203
4145,065151
291,093045
346,093046
2974,076091
3860,001276
56213,110009
2857,014069
67742,081021
3119,082074
412,103066
6109,066102
2187,030124
173,103067
1039,111090
124,001277
4472,018162
13999,017188
4066,012128
324,001278
9612,034042
528,001279
1812,093047
2125,033043
1415,022247
12996,028093
8940,078150
8938,063091
11239,087050
7594,042050
20865,003149
2223,076092
2655,029047
1154,040049
1693,069096
4895,023087
9271,043054
762,004230
20275,087051
5129,013252
2084,017189
119468,022205
5442,017190
1698,030126
714,030191
1234,052036
1940,045015
9816,016218
2838,019109
6954,038030
2009,014070
1112,095067
2781,023088
8408,054054
1794,060080
914,064112
30387,016219
10795,026085
5934,058107
273,006175
10861,016220
85887,026086
522,017191
5208,015219
21422,015220
12170,015221
316,004231
233,013226
4327,028094
3630,015222
594,010063
17427,075088
699,002147
7706,030127
1102,091097
27222,072046
1654,019110
14246,110010
2242,004232
2253,090074
6979,002148
351,008061
828,083100
680,006176
8758,024110
8825,108043
4594,070081
5506,096070
1639,060081
1600,030128
2302,018163
10846,001280
6880,071058
9038,086018
1668,103068
227,012129
3443,002150
1022,018165
5883,015224
843,070082
371,069097
3582,063085
817,064113
5189,075089
1007,111091
1513,090075
3803,054055
228,057071
1544,098058
9542,013227
7138,015226
13119,072047
406,111092
2870,031024
819,068044
4874,077029
2731,083101
8485,056052
1383,016221
10746,012130
949,083102
99011,030129
12389,075090
4378,075091
4943,013228
1401,091098
493,095068
16608,054056
3733,017192
2809,095069
2067,028095
6947,041066
676,009063
14174,041067
2463,043055
9898,016222
2936,090076
2595,070083
1174,091099
2182,010064
732,095070
4322,090077
4142,111093
512,111094
532,091100
188,001281
203,001282
403,043056
1310,082075
8718,092090
5639,047021
1084,078152
1630,069098
8396,009064
884,046031
5154,048046
1946,076094
280,005111
10109,100006
3658,019111
1427,001283
4531,019112
6586,061095
1697,093052
4242,016253
3965,001284
1278,001317
590,018166
3160,025073
3087,024123
871,014074
164,013233
1031,016223
4365,016224
5100,024125
782,010065
2665,013229
1030,001318
26144,024111
1152,022232
1258,024112
2459,096071
12189,081022
4113,014071
905,004233
10848,096088
1309,083103
3604,014072
10282,026087
1951,002152
218,018167
15606,023089
2824,056053
18816,006177
1698,098059
3327,054057
2423,005112
462,022209
2567,014073
937,001285
598,016225
783,004234
3435,097082
190,007068
7439,086019
485,025062
209,096072
2628,064114
810,061096
478,103079
903,067046
235,065153
1881,025063
2190,018168
3261,096073
1491,018169
939,096074
1290,008062
2499,060082
6979,008063
3437,082076
4355,090079
1622,079151
14968,041068
5071,022248
745,102045
257,058108
2547,056054
1886,111095
1484,060084
1310,064115
129,016226
3149,024113
1445,017193
791,001286
105,004235
987,006178
11350,097083
50,004236
16175,058110
2677,013232
517,034044
212,016227
605,007069
3049,001287
98,001288
31181,037061
170,007070
1417,077030
1528,013234
1738,024114
1210,103069
1325,054059
262,016229
2301,007071
1624,065155
526,097093
3925,093053
7961,087052
178,017194
5341,015249
9370,015229
387,103070
9319,015230
979,003153
7145,002156
4925,003154
2460,012132
2635,034045
2052,080095
12812,009065
174,057073
13604,108045
80902,012133
1889,011029
850,001289
2711,030130
1182,034046
3143,018171
2021,103071
3985,056055
396,008064
41446,069099
1466,001290
1008,102046
6871,026088
12038,050037
7600,108046
7477,012134
16718,026089
203,016230
4337,108047
4747,028096
13648,075092
466,096075
2228,056056
201,013236
95,018172
53973,058111
3339,018173
2333,024115
11242,094052
33688,001292
1978,044073
1372,004237
884,001291
365,009066
6107,012136
7404,012137
4020,083104
260227,027042
3102,013238
11483,076095
4079,035046
2465,064116
24411,008065
1867,082077
2011,030131
9255,108048
30615,103072
754,013239
1077,014075
2840,097086
7564,016232
8223,016233
5622,097091
550,004238
7724,037059
1841,040050
8730,012138
5855,015251
1806,022213
1160,004239
2057,033044
3317,015236
780,011030
6077,100007
6988,075093
8173,017195
3776,017196
4859,001293
20404,060085
259913,023091
5131,023092
1288,007072
373,018174
1241,096076
1249,018175
1394,001294
2648,007073
4180,013242
4486,016234
10106,099020
210,014076
880,030132
1746,101027
6469,004240
1775,028097
3943,019113
617,005113
2034,003158
244,008066
798,001295
4248,017197
14093,056057
1822,035042
2295,004241
1458,017198
7334,011031
4247,035043
813,009067
20144,020066
1122,016235
241,005114
240,001296
3323,035044
62247,046033
869,005115
749,060086
8153,048049
111809,024116
831,001297
7620,071059
20788,063086
2175,060087
3179,004242
382,068045
870,003159
8617,050038
3835,058112
1671,090082
6520,018176
3672,026090
525,001298
13878,071060
2788,076096
7524,065157
1337,016236
2117,097090
7615,038022
10316,023094
2864,076097
5240,012139
911,028098
7690,096077
810,005116
976,006179
4517,056058
9291,015237
25795,036046
158,022216
2067,006180
2581,004243
1196,103074
1412,025065
13088,028099
583,016237
4208,033045
5127,001299
10022,027043
23108,028100
3136,006181
5825,023095
1566,046034
70,018178
10791,017199
9224,074020
622,068046
1303,046035
6163,015248
4691,016238
6634,016239
1827,016241
334,096078
5629,028101
956,014077
6763,016240
2944,014078
2191,028102
447,008067
8061,013245
3844,022222
1213,060088
3574,035045
13434,080096
1237,056046
2151,092099
375,005119
464,066105
340,095048
2582,060089
95,066104
1284,069102
2203,030133
1702,060090
301,095073
20018,082079
1424,017200
13911,111096
477,006182
4959,029048
6518,103075
2937,004244
3011,005117
33485,023096
4687,045016
4578,001300
1367,084043
8385,083105
3281,082080
1914,024117
3112,091101
532,066103
877,006183
2273,069101
932,064117
2620,111097
1146,029049
3492,111098
301,006184
190,096079
1217,001301
2763,009068
769,018179
5695,005118
1567,064118
1983,029050
1823,098060
6159,028104
915,029051
5811,004245
1820,006185
2221,090078
746,004246
1699,033046
298,095071
1055,111099
672,111100
1259,111101
3381,018180
5878,017201
1074,111102
5498,078154
4641,111103
2909,001303
1958,001305
1069,001306
4008,001307
3467,001302
411,002163
1006,001304
658,006186
4708,086020
1015,111104
13996,108049
3785,111105
6858,111106
2605,111107
4651,001308
1605,095072
881,066106
6151,024118
4827,022249
2632,022254
1297,007074
1691,031025
614,066107
269,103076
2161,020068
8196,016242
17951,026091
1456,016243
26238,108050
17063,015242
607,004248
3304,070084
569,005120
14750,048050
15134,001309
556,003164
363,004249
655,017202
1179,001310
2019,017203
1278,001311
4358,063088
809,030135
1243,006187
1036,043057
1578,018181
533,001312
1881,081023
67490,056059
305,060091
712,093049
28197,026092
845,066108
9336,015243
7659,061100
1319,093050
1403,096080
5974,087054
577,012140
4017,015244
1020,001313
3304,028105
8215,017204
372,010066
162,002166
842,025066
39507,018182
3687,038023
1749,103077
3030,022224
25467,063089
490,019114
10198,026093
120,018183
1200,006188
136,006189
15535,001314
7346,020070
718,006190
862,025067
10125,050039
338,019115
391,071061
3154,064119
8563,001315
501,004250
704,102048
1496,079157
18412,058114
1785,102049
2718,016244
8768,016245
6613,024119
3401,071064
998,018184
1696,018185
1146,095074
197,013246
7373,098061
1006,018186
477,018187
1769,026094
69,033047
392,018188
1752,018189
1023,095075
1009,045017
1392,024120
11525,026095
1743,022226
2516,033048
6933,015247
492,011032
4911,023098
400,096081
3132,018190
2413,010067
4585,036047
8707,016246
19153,037060
1918,075094
1031,017205
8500,093051
213,025069
775,024121
1146,096082
6761,024122
578,030136
1007,096083
2675,078155
1022,064120
1965,102050
